producto_id,cliente_id,fecha,pais,canal,texto,prediccion
PROD-001,CLIENT-1000,2025-05-20,Colombia,app,Muy satisfecho con la compra.,POS
PROD-001,CLIENT-0999,2025-07-19,Colombia,web,"Excelente, lo volvería a comprar.",NEU
PROD-001,CLIENT-0998,2025-06-17,Chile,app,Calidad decente por el precio.,NEU
PROD-001,CLIENT-0997,2025-02-01,Argentina,app,No cumplió con mis expectativas.,NEG
PROD-001,CLIENT-0996,2025-04-13,Argentina,redes,No cumplió con mis expectativas.,NEG
PROD-001,CLIENT-0995,2025-03-23,México,app,El producto llegó rápido y en buen estado.,POS
PROD-001,CLIENT-0994,2025-04-26,México,redes,No lo recomiendo para nada.,NEG
PROD-001,CLIENT-0993,2025-07-24,Colombia,web,"Nada especial, pero funcional.",NEU
PROD-001,CLIENT-0992,2025-07-08,Colombia,web,Calidad decente por el precio.,NEU
PROD-001,CLIENT-0991,2025-02-23,España,app,Es justo lo que necesitaba.,NEG
PROD-001,CLIENT-0990,2025-07-23,España,redes,Demasiado caro para lo que es.,NEU
PROD-001,CLIENT-0989,2025-06-17,España,app,Es justo lo que necesitaba.,NEG
PROD-001,CLIENT-0988,2025-04-07,Chile,redes,No lo recomiendo para nada.,NEG
PROD-001,CLIENT-0987,2025-03-01,Colombia,redes,El producto llegó rápido y en buen estado.,POS
PROD-001,CLIENT-0986,2025-02-05,Argentina,web,Muy satisfecho con la compra.,POS
PROD-001,CLIENT-0985,2025-04-22,México,redes,Es justo lo que necesitaba.,NEU
PROD-001,CLIENT-0984,2025-05-27,Chile,redes,Muy satisfecho con la compra.,NEU
PROD-001,CLIENT-0983,2025-02-26,Chile,web,El producto llegó rápido y en buen estado.,NEU
PROD-001,CLIENT-0982,2025-06-10,Argentina,app,Calidad decente por el precio.,NEG
PROD-001,CLIENT-0981,2025-04-29,Argentina,web,"Nada especial, pero funcional.",NEG
PROD-001,CLIENT-0980,2025-07-18,Chile,web,No lo recomiendo para nada.,NEU
PROD-001,CLIENT-0979,2025-04-14,Chile,web,Es justo lo que necesitaba.,POS
PROD-001,CLIENT-0978,2025-03-20,México,app,El servicio fue deficiente.,POS
PROD-001,CLIENT-0977,2025-06-28,México,web,Es justo lo que necesitaba.,NEU
PROD-001,CLIENT-0976,2025-04-25,Chile,web,"Nada especial, pero funcional.",NEG
PROD-001,CLIENT-0975,2025-05-05,México,redes,El producto llegó rápido y en buen estado.,NEG
PROD-001,CLIENT-0974,2025-06-22,Colombia,redes,El servicio fue deficiente.,POS
PROD-001,CLIENT-0973,2025-03-02,España,redes,Es justo lo que necesitaba.,NEG
PROD-001,CLIENT-0972,2025-07-27,Colombia,app,Calidad decente por el precio.,POS
PROD-001,CLIENT-0971,2025-07-17,Colombia,app,Calidad decente por el precio.,POS
PROD-001,CLIENT-0970,2025-06-04,Argentina,web,No cumplió con mis expectativas.,NEG
PROD-001,CLIENT-0969,2025-04-14,Chile,web,No lo recomiendo para nada.,NEU
PROD-001,CLIENT-0968,2025-04-21,Colombia,app,El producto llegó rápido y en buen estado.,NEG
PROD-001,CLIENT-0967,2025-02-07,España,web,El servicio fue deficiente.,POS
PROD-001,CLIENT-0966,2025-06-17,Argentina,redes,Muy satisfecho con la compra.,NEU
PROD-001,CLIENT-0965,2025-07-28,España,app,Calidad decente por el precio.,POS
PROD-001,CLIENT-0964,2025-03-05,Colombia,redes,Calidad decente por el precio.,POS
PROD-001,CLIENT-0963,2025-07-11,Argentina,app,"Nada especial, pero funcional.",NEG
PROD-001,CLIENT-0962,2025-07-18,Chile,redes,No cumplió con mis expectativas.,NEG
PROD-001,CLIENT-0961,2025-05-16,Colombia,redes,Calidad decente por el precio.,NEU
PROD-001,CLIENT-0960,2025-05-16,México,redes,"Nada especial, pero funcional.",NEG
PROD-001,CLIENT-0959,2025-04-14,España,redes,El servicio fue deficiente.,NEG
PROD-001,CLIENT-0958,2025-06-25,Argentina,redes,Es justo lo que necesitaba.,NEG
PROD-001,CLIENT-0957,2025-07-18,Chile,web,Calidad decente por el precio.,NEG
PROD-001,CLIENT-0956,2025-06-12,España,web,No lo recomiendo para nada.,NEG
PROD-001,CLIENT-0955,2025-07-13,Argentina,app,No lo recomiendo para nada.,POS
PROD-001,CLIENT-0954,2025-02-18,España,app,Muy satisfecho con la compra.,POS
PROD-001,CLIENT-0953,2025-03-11,España,web,"Nada especial, pero funcional.",NEG
PROD-001,CLIENT-0952,2025-06-29,España,redes,Es justo lo que necesitaba.,NEU
PROD-001,CLIENT-0951,2025-07-07,Colombia,redes,El servicio fue deficiente.,NEU
PROD-001,CLIENT-0950,2025-02-13,Chile,app,Demasiado caro para lo que es.,NEU
PROD-001,CLIENT-0949,2025-06-15,Chile,app,Es justo lo que necesitaba.,NEU
PROD-001,CLIENT-0948,2025-06-26,España,app,"Excelente, lo volvería a comprar.",POS
PROD-001,CLIENT-0947,2025-04-01,España,app,No lo recomiendo para nada.,NEG
PROD-001,CLIENT-0946,2025-02-27,Colombia,web,El servicio fue deficiente.,NEG
PROD-001,CLIENT-0945,2025-06-11,España,web,No lo recomiendo para nada.,POS
PROD-001,CLIENT-0944,2025-03-10,México,web,Muy satisfecho con la compra.,POS
PROD-001,CLIENT-0943,2025-04-11,Chile,app,"Excelente, lo volvería a comprar.",NEG
PROD-001,CLIENT-0942,2025-06-11,Colombia,app,Calidad decente por el precio.,NEG
PROD-001,CLIENT-0941,2025-04-09,México,redes,El servicio fue deficiente.,NEU
PROD-001,CLIENT-0940,2025-06-28,Chile,web,Es justo lo que necesitaba.,POS
PROD-001,CLIENT-0939,2025-03-15,Colombia,redes,"Nada especial, pero funcional.",POS
PROD-001,CLIENT-0938,2025-04-13,España,redes,Calidad decente por el precio.,POS
PROD-001,CLIENT-0937,2025-05-02,España,redes,El producto llegó rápido y en buen estado.,POS
PROD-001,CLIENT-0936,2025-05-17,España,web,Calidad decente por el precio.,NEU
PROD-001,CLIENT-0935,2025-02-23,Argentina,redes,Calidad decente por el precio.,POS
PROD-001,CLIENT-0934,2025-07-05,México,app,El servicio fue deficiente.,NEU
PROD-001,CLIENT-0933,2025-04-02,Chile,app,El servicio fue deficiente.,NEG
PROD-001,CLIENT-0932,2025-03-28,España,web,Calidad decente por el precio.,POS
PROD-001,CLIENT-0931,2025-07-21,Chile,redes,"Nada especial, pero funcional.",POS
PROD-001,CLIENT-0930,2025-02-08,Argentina,redes,"Excelente, lo volvería a comprar.",NEU
PROD-001,CLIENT-0929,2025-07-13,Chile,app,"Excelente, lo volvería a comprar.",NEU
PROD-001,CLIENT-0928,2025-07-14,Colombia,app,Demasiado caro para lo que es.,NEU
PROD-001,CLIENT-0927,2025-02-22,España,app,El servicio fue deficiente.,POS
PROD-001,CLIENT-0926,2025-04-27,Colombia,redes,Es justo lo que necesitaba.,NEU
PROD-001,CLIENT-0925,2025-04-08,Colombia,redes,Es justo lo que necesitaba.,NEU
PROD-001,CLIENT-0924,2025-06-28,México,redes,No lo recomiendo para nada.,NEU
PROD-001,CLIENT-0923,2025-04-24,Chile,web,"Nada especial, pero funcional.",NEG
PROD-001,CLIENT-0922,2025-06-03,Chile,redes,Demasiado caro para lo que es.,POS
PROD-001,CLIENT-0921,2025-04-18,Argentina,app,No cumplió con mis expectativas.,POS
PROD-001,CLIENT-0920,2025-06-12,España,app,El servicio fue deficiente.,POS
PROD-001,CLIENT-0919,2025-07-13,Colombia,app,Demasiado caro para lo que es.,POS
PROD-001,CLIENT-0918,2025-03-03,España,web,Calidad decente por el precio.,POS
PROD-001,CLIENT-0917,2025-02-10,Chile,web,Es justo lo que necesitaba.,NEG
PROD-001,CLIENT-0916,2025-05-22,Chile,app,Calidad decente por el precio.,POS
PROD-001,CLIENT-0915,2025-04-16,Argentina,app,No lo recomiendo para nada.,NEG
PROD-001,CLIENT-0914,2025-04-28,Argentina,app,El servicio fue deficiente.,POS
PROD-001,CLIENT-0913,2025-04-01,España,app,No cumplió con mis expectativas.,POS
PROD-001,CLIENT-0912,2025-03-03,México,redes,Muy satisfecho con la compra.,NEG
PROD-001,CLIENT-0911,2025-03-11,España,web,Es justo lo que necesitaba.,NEG
PROD-001,CLIENT-0910,2025-06-12,Colombia,web,El producto llegó rápido y en buen estado.,NEU
PROD-001,CLIENT-0909,2025-05-17,México,web,Calidad decente por el precio.,POS
PROD-001,CLIENT-0908,2025-07-13,Argentina,app,"Nada especial, pero funcional.",NEG
PROD-001,CLIENT-0907,2025-03-13,Chile,web,Muy satisfecho con la compra.,NEG
PROD-001,CLIENT-0906,2025-05-28,Colombia,web,"Nada especial, pero funcional.",NEU
PROD-001,CLIENT-0905,2025-06-26,Colombia,app,"Excelente, lo volvería a comprar.",NEG
PROD-001,CLIENT-0904,2025-04-23,Chile,redes,Calidad decente por el precio.,NEG
PROD-001,CLIENT-0903,2025-04-13,México,redes,Es justo lo que necesitaba.,NEG
PROD-001,CLIENT-0902,2025-04-01,Chile,redes,"Nada especial, pero funcional.",POS
PROD-001,CLIENT-0901,2025-02-04,España,app,Muy satisfecho con la compra.,NEG
PROD-001,CLIENT-0900,2025-04-05,México,app,Es justo lo que necesitaba.,POS
PROD-001,CLIENT-0899,2025-02-25,Colombia,app,Es justo lo que necesitaba.,NEU
PROD-001,CLIENT-0898,2025-02-15,Colombia,redes,Es justo lo que necesitaba.,NEU
PROD-001,CLIENT-0897,2025-03-20,España,web,"Nada especial, pero funcional.",POS
PROD-001,CLIENT-0896,2025-02-04,España,web,El servicio fue deficiente.,POS
PROD-001,CLIENT-0895,2025-03-21,Chile,app,El servicio fue deficiente.,POS
PROD-001,CLIENT-0894,2025-06-01,España,redes,"Excelente, lo volvería a comprar.",POS
PROD-001,CLIENT-0893,2025-03-10,Chile,web,Muy satisfecho con la compra.,NEU
PROD-001,CLIENT-0892,2025-04-08,México,app,El servicio fue deficiente.,NEG
PROD-001,CLIENT-0891,2025-04-02,México,redes,Calidad decente por el precio.,POS
PROD-001,CLIENT-0890,2025-04-26,México,redes,Calidad decente por el precio.,POS
PROD-001,CLIENT-0889,2025-06-05,Colombia,app,Es justo lo que necesitaba.,NEG
PROD-001,CLIENT-0888,2025-04-12,México,redes,El servicio fue deficiente.,POS
PROD-001,CLIENT-0887,2025-02-08,México,redes,El producto llegó rápido y en buen estado.,NEG
PROD-001,CLIENT-0886,2025-03-21,Argentina,redes,"Nada especial, pero funcional.",NEU
PROD-001,CLIENT-0885,2025-04-23,Argentina,redes,"Excelente, lo volvería a comprar.",POS
PROD-001,CLIENT-0884,2025-02-17,Argentina,redes,No cumplió con mis expectativas.,POS
PROD-001,CLIENT-0883,2025-02-22,Argentina,app,El servicio fue deficiente.,NEU
PROD-001,CLIENT-0882,2025-03-14,España,app,Calidad decente por el precio.,POS
PROD-001,CLIENT-0881,2025-06-22,Chile,redes,"Excelente, lo volvería a comprar.",NEG
PROD-001,CLIENT-0880,2025-03-03,Argentina,web,No lo recomiendo para nada.,POS
PROD-001,CLIENT-0879,2025-04-02,Argentina,web,Demasiado caro para lo que es.,NEU
PROD-001,CLIENT-0878,2025-06-11,México,redes,No lo recomiendo para nada.,NEU
PROD-001,CLIENT-0877,2025-02-10,Chile,web,"Nada especial, pero funcional.",NEG
PROD-001,CLIENT-0876,2025-02-09,Chile,redes,No cumplió con mis expectativas.,NEU
PROD-001,CLIENT-0875,2025-07-05,Colombia,redes,No cumplió con mis expectativas.,NEU
PROD-001,CLIENT-0874,2025-06-24,Chile,web,Muy satisfecho con la compra.,NEU
PROD-001,CLIENT-0873,2025-06-23,Chile,app,Muy satisfecho con la compra.,POS
PROD-001,CLIENT-0872,2025-07-02,México,web,Es justo lo que necesitaba.,NEU
PROD-001,CLIENT-0871,2025-04-17,Argentina,redes,"Excelente, lo volvería a comprar.",NEG
PROD-001,CLIENT-0870,2025-03-16,Chile,web,No lo recomiendo para nada.,NEG
PROD-001,CLIENT-0869,2025-03-13,España,redes,El producto llegó rápido y en buen estado.,NEG
PROD-001,CLIENT-0868,2025-04-07,Chile,redes,El producto llegó rápido y en buen estado.,NEG
PROD-001,CLIENT-0867,2025-05-25,México,app,Muy satisfecho con la compra.,NEU
PROD-001,CLIENT-0866,2025-06-12,México,app,"Excelente, lo volvería a comprar.",NEU
PROD-001,CLIENT-0865,2025-03-07,Chile,app,No lo recomiendo para nada.,NEU
PROD-001,CLIENT-0864,2025-06-13,México,web,El producto llegó rápido y en buen estado.,NEG
PROD-001,CLIENT-0863,2025-04-23,Chile,app,Demasiado caro para lo que es.,NEU
PROD-001,CLIENT-0862,2025-03-04,México,redes,No cumplió con mis expectativas.,NEU
PROD-001,CLIENT-0861,2025-04-05,Colombia,redes,Calidad decente por el precio.,NEU
PROD-001,CLIENT-0860,2025-06-27,Colombia,web,Es justo lo que necesitaba.,NEU
PROD-001,CLIENT-0859,2025-07-24,México,app,Demasiado caro para lo que es.,NEG
PROD-001,CLIENT-0858,2025-04-29,México,redes,"Nada especial, pero funcional.",POS
PROD-001,CLIENT-0857,2025-06-10,Colombia,app,Calidad decente por el precio.,POS
PROD-001,CLIENT-0856,2025-07-08,México,app,El servicio fue deficiente.,NEG
PROD-001,CLIENT-0855,2025-04-14,Chile,redes,El servicio fue deficiente.,NEU
PROD-001,CLIENT-0854,2025-06-08,España,redes,Es justo lo que necesitaba.,NEU
PROD-001,CLIENT-0853,2025-03-13,Chile,redes,Muy satisfecho con la compra.,NEU
PROD-001,CLIENT-0852,2025-05-25,Colombia,app,No lo recomiendo para nada.,NEG
PROD-001,CLIENT-0851,2025-07-09,Argentina,web,"Excelente, lo volvería a comprar.",NEU
PROD-001,CLIENT-0850,2025-02-22,Argentina,redes,No lo recomiendo para nada.,POS
PROD-001,CLIENT-0849,2025-03-28,Colombia,web,El producto llegó rápido y en buen estado.,POS
PROD-001,CLIENT-0848,2025-05-22,Colombia,redes,El servicio fue deficiente.,POS
PROD-001,CLIENT-0847,2025-06-23,México,redes,"Excelente, lo volvería a comprar.",NEG
PROD-001,CLIENT-0846,2025-07-25,Chile,web,No lo recomiendo para nada.,NEG
PROD-001,CLIENT-0845,2025-07-02,Colombia,web,Muy satisfecho con la compra.,POS
PROD-001,CLIENT-0844,2025-02-06,Chile,web,El producto llegó rápido y en buen estado.,POS
PROD-001,CLIENT-0843,2025-03-04,Colombia,web,Demasiado caro para lo que es.,POS
PROD-001,CLIENT-0842,2025-05-23,Chile,app,Demasiado caro para lo que es.,POS
PROD-001,CLIENT-0841,2025-04-03,Chile,web,Es justo lo que necesitaba.,NEU
PROD-001,CLIENT-0840,2025-04-09,Argentina,redes,No cumplió con mis expectativas.,NEG
PROD-001,CLIENT-0839,2025-02-26,España,redes,Calidad decente por el precio.,NEG
PROD-001,CLIENT-0838,2025-05-04,Colombia,app,El servicio fue deficiente.,NEG
PROD-001,CLIENT-0837,2025-03-04,México,web,"Nada especial, pero funcional.",NEG
PROD-001,CLIENT-0836,2025-05-20,Argentina,redes,El producto llegó rápido y en buen estado.,POS
PROD-001,CLIENT-0835,2025-04-10,Chile,web,Muy satisfecho con la compra.,POS
PROD-001,CLIENT-0834,2025-04-16,México,web,"Excelente, lo volvería a comprar.",POS
PROD-001,CLIENT-0833,2025-02-04,España,web,No cumplió con mis expectativas.,NEG
PROD-001,CLIENT-0832,2025-05-15,España,redes,El servicio fue deficiente.,NEG
PROD-001,CLIENT-0831,2025-06-28,España,web,No cumplió con mis expectativas.,NEG
PROD-001,CLIENT-0830,2025-03-15,Colombia,web,Es justo lo que necesitaba.,NEU
PROD-001,CLIENT-0829,2025-06-20,Chile,web,"Excelente, lo volvería a comprar.",NEU
PROD-001,CLIENT-0828,2025-04-12,Colombia,redes,Calidad decente por el precio.,POS
PROD-001,CLIENT-0827,2025-06-29,México,web,El producto llegó rápido y en buen estado.,POS
PROD-001,CLIENT-0826,2025-07-28,Colombia,redes,Es justo lo que necesitaba.,POS
PROD-001,CLIENT-0825,2025-06-15,Colombia,web,"Nada especial, pero funcional.",POS
PROD-001,CLIENT-0824,2025-02-09,Argentina,web,"Nada especial, pero funcional.",NEU
PROD-001,CLIENT-0823,2025-02-12,Argentina,app,Es justo lo que necesitaba.,POS
PROD-001,CLIENT-0822,2025-04-13,España,redes,Demasiado caro para lo que es.,NEG
PROD-001,CLIENT-0821,2025-06-29,Colombia,app,"Excelente, lo volvería a comprar.",POS
PROD-001,CLIENT-0820,2025-04-11,Chile,web,El producto llegó rápido y en buen estado.,NEG
PROD-001,CLIENT-0819,2025-06-05,Argentina,web,Es justo lo que necesitaba.,NEU
PROD-001,CLIENT-0818,2025-06-10,Colombia,app,No cumplió con mis expectativas.,NEU
PROD-001,CLIENT-0817,2025-07-11,Argentina,app,Demasiado caro para lo que es.,NEG
PROD-001,CLIENT-0816,2025-05-23,Colombia,app,El producto llegó rápido y en buen estado.,POS
PROD-001,CLIENT-0815,2025-06-15,Colombia,app,No lo recomiendo para nada.,NEG
PROD-001,CLIENT-0814,2025-04-02,España,redes,Demasiado caro para lo que es.,POS
PROD-001,CLIENT-0813,2025-03-22,Colombia,redes,El producto llegó rápido y en buen estado.,NEU
PROD-001,CLIENT-0812,2025-04-05,Colombia,web,Demasiado caro para lo que es.,NEG
PROD-001,CLIENT-0811,2025-03-06,México,redes,El servicio fue deficiente.,NEU
PROD-001,CLIENT-0810,2025-02-07,Chile,app,No lo recomiendo para nada.,NEU
PROD-001,CLIENT-0809,2025-03-05,Argentina,redes,El servicio fue deficiente.,NEG
PROD-001,CLIENT-0808,2025-04-20,España,redes,Es justo lo que necesitaba.,POS
PROD-001,CLIENT-0807,2025-02-11,Chile,web,"Excelente, lo volvería a comprar.",NEG
PROD-001,CLIENT-0806,2025-03-30,México,app,Demasiado caro para lo que es.,POS
PROD-001,CLIENT-0805,2025-02-14,Colombia,redes,Muy satisfecho con la compra.,NEG
PROD-001,CLIENT-0804,2025-03-27,Chile,app,Muy satisfecho con la compra.,NEG
PROD-001,CLIENT-0803,2025-04-13,Chile,redes,No lo recomiendo para nada.,NEU
PROD-001,CLIENT-0802,2025-06-28,España,web,No cumplió con mis expectativas.,POS
PROD-001,CLIENT-0801,2025-02-21,Chile,redes,No lo recomiendo para nada.,POS
PROD-002,CLIENT-0800,2025-04-03,México,redes,"Excelente, lo volvería a comprar.",POS
PROD-002,CLIENT-0799,2025-02-05,Argentina,redes,"Nada especial, pero funcional.",NEG
PROD-002,CLIENT-0798,2025-07-10,Argentina,web,"Nada especial, pero funcional.",NEG
PROD-002,CLIENT-0797,2025-05-24,México,web,Muy satisfecho con la compra.,POS
PROD-002,CLIENT-0796,2025-06-30,Colombia,app,Es justo lo que necesitaba.,POS
PROD-002,CLIENT-0795,2025-06-28,Chile,web,"Excelente, lo volvería a comprar.",POS
PROD-002,CLIENT-0794,2025-07-08,Argentina,web,Es justo lo que necesitaba.,NEG
PROD-002,CLIENT-0793,2025-07-11,México,app,No lo recomiendo para nada.,NEU
PROD-002,CLIENT-0792,2025-01-30,Colombia,app,El servicio fue deficiente.,NEU
PROD-002,CLIENT-0791,2025-06-04,México,redes,No lo recomiendo para nada.,POS
PROD-002,CLIENT-0790,2025-06-21,España,web,Demasiado caro para lo que es.,POS
PROD-002,CLIENT-0789,2025-06-30,Chile,web,Calidad decente por el precio.,NEG
PROD-002,CLIENT-0788,2025-05-11,México,app,Muy satisfecho con la compra.,NEU
PROD-002,CLIENT-0787,2025-02-17,Colombia,redes,El producto llegó rápido y en buen estado.,NEU
PROD-002,CLIENT-0786,2025-06-22,Chile,app,Demasiado caro para lo que es.,POS
PROD-002,CLIENT-0785,2025-02-08,México,redes,No cumplió con mis expectativas.,POS
PROD-002,CLIENT-0784,2025-03-23,Colombia,redes,No lo recomiendo para nada.,NEG
PROD-002,CLIENT-0783,2025-03-10,México,redes,Es justo lo que necesitaba.,POS
PROD-002,CLIENT-0782,2025-03-09,Argentina,redes,"Excelente, lo volvería a comprar.",NEG
PROD-002,CLIENT-0781,2025-03-19,España,web,El producto llegó rápido y en buen estado.,NEG
PROD-002,CLIENT-0780,2025-04-10,México,web,Muy satisfecho con la compra.,POS
PROD-002,CLIENT-0779,2025-07-14,Chile,app,"Nada especial, pero funcional.",POS
PROD-002,CLIENT-0778,2025-05-12,Colombia,app,El producto llegó rápido y en buen estado.,POS
PROD-002,CLIENT-0777,2025-02-18,Chile,app,El producto llegó rápido y en buen estado.,NEG
PROD-002,CLIENT-0776,2025-05-29,Colombia,app,No cumplió con mis expectativas.,NEU
PROD-002,CLIENT-0775,2025-06-28,Colombia,web,Es justo lo que necesitaba.,POS
PROD-002,CLIENT-0774,2025-06-27,Chile,app,Calidad decente por el precio.,NEU
PROD-002,CLIENT-0773,2025-07-20,Argentina,redes,"Nada especial, pero funcional.",NEU
PROD-002,CLIENT-0772,2025-04-20,España,web,Es justo lo que necesitaba.,POS
PROD-002,CLIENT-0771,2025-02-18,Colombia,redes,Muy satisfecho con la compra.,NEG
PROD-002,CLIENT-0770,2025-06-16,Argentina,web,No cumplió con mis expectativas.,POS
PROD-002,CLIENT-0769,2025-04-28,España,web,Demasiado caro para lo que es.,NEG
PROD-002,CLIENT-0768,2025-05-13,Argentina,redes,El producto llegó rápido y en buen estado.,NEG
PROD-002,CLIENT-0767,2025-07-06,Colombia,web,No lo recomiendo para nada.,NEU
PROD-002,CLIENT-0766,2025-02-21,Chile,app,"Excelente, lo volvería a comprar.",NEG
PROD-002,CLIENT-0765,2025-03-15,España,redes,"Nada especial, pero funcional.",NEG
PROD-002,CLIENT-0764,2025-06-13,Colombia,app,No cumplió con mis expectativas.,POS
PROD-002,CLIENT-0763,2025-02-07,Colombia,redes,Es justo lo que necesitaba.,NEG
PROD-002,CLIENT-0762,2025-06-25,España,redes,Es justo lo que necesitaba.,POS
PROD-002,CLIENT-0761,2025-03-20,España,app,Demasiado caro para lo que es.,NEG
PROD-002,CLIENT-0760,2025-04-17,Chile,redes,"Nada especial, pero funcional.",POS
PROD-002,CLIENT-0759,2025-06-09,Colombia,web,El servicio fue deficiente.,POS
PROD-002,CLIENT-0758,2025-07-20,México,redes,Muy satisfecho con la compra.,NEU
PROD-002,CLIENT-0757,2025-05-24,Colombia,web,"Excelente, lo volvería a comprar.",NEG
PROD-002,CLIENT-0756,2025-07-09,Colombia,app,Muy satisfecho con la compra.,NEG
PROD-002,CLIENT-0755,2025-07-29,México,redes,"Nada especial, pero funcional.",NEG
PROD-002,CLIENT-0754,2025-07-11,Chile,app,No lo recomiendo para nada.,POS
PROD-002,CLIENT-0753,2025-04-19,Colombia,web,Muy satisfecho con la compra.,POS
PROD-002,CLIENT-0752,2025-05-16,España,web,"Excelente, lo volvería a comprar.",NEU
PROD-002,CLIENT-0751,2025-03-31,Chile,app,"Nada especial, pero funcional.",NEG
PROD-002,CLIENT-0750,2025-07-29,Chile,app,No cumplió con mis expectativas.,NEG
PROD-002,CLIENT-0749,2025-07-11,Chile,web,Es justo lo que necesitaba.,POS
PROD-002,CLIENT-0748,2025-02-25,Chile,app,Calidad decente por el precio.,POS
PROD-002,CLIENT-0747,2025-07-17,Argentina,app,Muy satisfecho con la compra.,POS
PROD-002,CLIENT-0746,2025-02-01,España,redes,El producto llegó rápido y en buen estado.,NEU
PROD-002,CLIENT-0745,2025-04-20,Colombia,web,"Excelente, lo volvería a comprar.",NEU
PROD-002,CLIENT-0744,2025-05-28,Argentina,web,No cumplió con mis expectativas.,NEG
PROD-002,CLIENT-0743,2025-07-09,Argentina,redes,Calidad decente por el precio.,NEU
PROD-002,CLIENT-0742,2025-03-18,España,web,Demasiado caro para lo que es.,NEU
PROD-002,CLIENT-0741,2025-07-24,Argentina,web,El servicio fue deficiente.,NEU
PROD-002,CLIENT-0740,2025-05-20,Argentina,redes,El servicio fue deficiente.,POS
PROD-002,CLIENT-0739,2025-04-16,Argentina,redes,"Nada especial, pero funcional.",NEG
PROD-002,CLIENT-0738,2025-02-08,Argentina,app,Demasiado caro para lo que es.,NEU
PROD-002,CLIENT-0737,2025-03-17,Chile,app,Es justo lo que necesitaba.,POS
PROD-002,CLIENT-0736,2025-05-29,España,app,El producto llegó rápido y en buen estado.,NEG
PROD-002,CLIENT-0735,2025-04-17,Chile,redes,No lo recomiendo para nada.,POS
PROD-002,CLIENT-0734,2025-02-12,España,app,"Nada especial, pero funcional.",NEG
PROD-002,CLIENT-0733,2025-05-24,Colombia,web,No lo recomiendo para nada.,NEG
PROD-002,CLIENT-0732,2025-07-02,México,redes,"Nada especial, pero funcional.",NEG
PROD-002,CLIENT-0731,2025-05-27,Argentina,app,El servicio fue deficiente.,NEU
PROD-002,CLIENT-0730,2025-04-03,Argentina,redes,El producto llegó rápido y en buen estado.,NEU
PROD-002,CLIENT-0729,2025-03-24,España,web,No lo recomiendo para nada.,POS
PROD-002,CLIENT-0728,2025-03-26,México,app,Calidad decente por el precio.,NEG
PROD-002,CLIENT-0727,2025-07-02,Argentina,redes,"Nada especial, pero funcional.",NEU
PROD-002,CLIENT-0726,2025-04-08,España,app,No cumplió con mis expectativas.,NEU
PROD-002,CLIENT-0725,2025-04-09,Argentina,app,No cumplió con mis expectativas.,NEU
PROD-002,CLIENT-0724,2025-03-07,Argentina,redes,Es justo lo que necesitaba.,NEG
PROD-002,CLIENT-0723,2025-05-27,España,web,Demasiado caro para lo que es.,NEG
PROD-002,CLIENT-0722,2025-02-10,Colombia,app,El producto llegó rápido y en buen estado.,NEG
PROD-002,CLIENT-0721,2025-02-08,España,redes,Muy satisfecho con la compra.,NEG
PROD-002,CLIENT-0720,2025-03-26,Argentina,redes,No lo recomiendo para nada.,POS
PROD-002,CLIENT-0719,2025-03-10,Colombia,redes,El servicio fue deficiente.,NEG
PROD-002,CLIENT-0718,2025-05-19,Argentina,web,Demasiado caro para lo que es.,NEG
PROD-002,CLIENT-0717,2025-05-27,Chile,web,No lo recomiendo para nada.,NEU
PROD-002,CLIENT-0716,2025-05-18,Colombia,redes,No cumplió con mis expectativas.,NEG
PROD-002,CLIENT-0715,2025-02-06,Argentina,redes,El servicio fue deficiente.,NEU
PROD-002,CLIENT-0714,2025-06-06,Colombia,app,Muy satisfecho con la compra.,NEU
PROD-002,CLIENT-0713,2025-04-08,Chile,web,Muy satisfecho con la compra.,POS
PROD-002,CLIENT-0712,2025-03-27,España,redes,No cumplió con mis expectativas.,NEU
PROD-002,CLIENT-0711,2025-06-25,Colombia,app,Es justo lo que necesitaba.,NEU
PROD-002,CLIENT-0710,2025-05-17,Chile,web,"Nada especial, pero funcional.",NEG
PROD-002,CLIENT-0709,2025-07-21,Chile,web,Es justo lo que necesitaba.,POS
PROD-002,CLIENT-0708,2025-04-06,México,app,El producto llegó rápido y en buen estado.,NEU
PROD-002,CLIENT-0707,2025-06-03,España,web,No lo recomiendo para nada.,POS
PROD-002,CLIENT-0706,2025-05-15,Argentina,app,No cumplió con mis expectativas.,POS
PROD-002,CLIENT-0705,2025-05-14,Colombia,redes,Calidad decente por el precio.,POS
PROD-002,CLIENT-0704,2025-05-07,España,app,Muy satisfecho con la compra.,NEU
PROD-002,CLIENT-0703,2025-07-16,España,app,No cumplió con mis expectativas.,NEG
PROD-002,CLIENT-0702,2025-06-12,Colombia,redes,Es justo lo que necesitaba.,POS
PROD-002,CLIENT-0701,2025-04-14,Argentina,app,Calidad decente por el precio.,NEU
PROD-002,CLIENT-0700,2025-04-30,México,web,No cumplió con mis expectativas.,POS
PROD-002,CLIENT-0699,2025-07-26,España,redes,Demasiado caro para lo que es.,POS
PROD-002,CLIENT-0698,2025-03-01,Colombia,redes,No lo recomiendo para nada.,NEU
PROD-002,CLIENT-0697,2025-02-28,Argentina,web,Calidad decente por el precio.,POS
PROD-002,CLIENT-0696,2025-03-13,Argentina,web,"Nada especial, pero funcional.",NEU
PROD-002,CLIENT-0695,2025-03-31,Colombia,redes,No lo recomiendo para nada.,POS
PROD-002,CLIENT-0694,2025-06-21,Colombia,app,Es justo lo que necesitaba.,POS
PROD-002,CLIENT-0693,2025-07-09,Argentina,app,El producto llegó rápido y en buen estado.,POS
PROD-002,CLIENT-0692,2025-05-02,España,app,"Nada especial, pero funcional.",NEG
PROD-002,CLIENT-0691,2025-06-08,Chile,redes,"Nada especial, pero funcional.",NEU
PROD-002,CLIENT-0690,2025-02-04,Chile,web,"Nada especial, pero funcional.",NEU
PROD-002,CLIENT-0689,2025-03-06,Argentina,redes,Es justo lo que necesitaba.,POS
PROD-002,CLIENT-0688,2025-07-17,Argentina,redes,El producto llegó rápido y en buen estado.,NEU
PROD-002,CLIENT-0687,2025-02-19,México,redes,No lo recomiendo para nada.,NEG
PROD-002,CLIENT-0686,2025-06-12,Colombia,app,"Excelente, lo volvería a comprar.",NEU
PROD-002,CLIENT-0685,2025-02-05,México,app,Es justo lo que necesitaba.,NEG
PROD-002,CLIENT-0684,2025-07-17,España,app,"Excelente, lo volvería a comprar.",POS
PROD-002,CLIENT-0683,2025-03-10,Argentina,web,No cumplió con mis expectativas.,NEU
PROD-002,CLIENT-0682,2025-05-13,Chile,web,No lo recomiendo para nada.,NEU
PROD-002,CLIENT-0681,2025-02-28,España,app,Muy satisfecho con la compra.,NEG
PROD-002,CLIENT-0680,2025-05-22,Chile,web,Muy satisfecho con la compra.,POS
PROD-002,CLIENT-0679,2025-05-20,Argentina,web,Demasiado caro para lo que es.,NEG
PROD-002,CLIENT-0678,2025-05-14,Chile,redes,No cumplió con mis expectativas.,NEU
PROD-002,CLIENT-0677,2025-01-30,España,redes,Demasiado caro para lo que es.,NEU
PROD-002,CLIENT-0676,2025-07-10,Argentina,redes,El producto llegó rápido y en buen estado.,POS
PROD-002,CLIENT-0675,2025-05-07,Chile,web,Calidad decente por el precio.,NEG
PROD-002,CLIENT-0674,2025-06-20,España,web,El producto llegó rápido y en buen estado.,NEG
PROD-002,CLIENT-0673,2025-05-19,México,app,"Nada especial, pero funcional.",NEU
PROD-002,CLIENT-0672,2025-07-26,Chile,redes,El servicio fue deficiente.,NEU
PROD-002,CLIENT-0671,2025-07-06,España,redes,El producto llegó rápido y en buen estado.,POS
PROD-002,CLIENT-0670,2025-02-23,Chile,app,No cumplió con mis expectativas.,NEU
PROD-002,CLIENT-0669,2025-04-28,Argentina,redes,Demasiado caro para lo que es.,NEU
PROD-002,CLIENT-0668,2025-04-02,Argentina,web,Demasiado caro para lo que es.,POS
PROD-002,CLIENT-0667,2025-03-28,México,redes,"Nada especial, pero funcional.",NEU
PROD-002,CLIENT-0666,2025-03-18,Chile,app,Demasiado caro para lo que es.,NEU
PROD-002,CLIENT-0665,2025-07-29,Colombia,app,Calidad decente por el precio.,POS
PROD-002,CLIENT-0664,2025-03-23,México,web,El servicio fue deficiente.,NEG
PROD-002,CLIENT-0663,2025-06-01,Argentina,redes,"Excelente, lo volvería a comprar.",NEG
PROD-002,CLIENT-0662,2025-02-27,Colombia,app,Es justo lo que necesitaba.,NEG
PROD-002,CLIENT-0661,2025-04-08,Colombia,app,Calidad decente por el precio.,NEG
PROD-002,CLIENT-0660,2025-07-22,Colombia,redes,Muy satisfecho con la compra.,NEU
PROD-002,CLIENT-0659,2025-02-26,España,redes,Demasiado caro para lo que es.,NEU
PROD-002,CLIENT-0658,2025-03-01,Argentina,web,"Excelente, lo volvería a comprar.",POS
PROD-002,CLIENT-0657,2025-07-09,España,redes,El servicio fue deficiente.,POS
PROD-002,CLIENT-0656,2025-06-21,España,redes,Demasiado caro para lo que es.,POS
PROD-002,CLIENT-0655,2025-06-27,España,web,Es justo lo que necesitaba.,NEG
PROD-002,CLIENT-0654,2025-06-16,Colombia,redes,Muy satisfecho con la compra.,NEG
PROD-002,CLIENT-0653,2025-02-28,Colombia,app,Demasiado caro para lo que es.,POS
PROD-002,CLIENT-0652,2025-03-15,Argentina,web,Es justo lo que necesitaba.,NEG
PROD-002,CLIENT-0651,2025-03-30,Argentina,app,Muy satisfecho con la compra.,POS
PROD-002,CLIENT-0650,2025-02-15,México,redes,Muy satisfecho con la compra.,POS
PROD-002,CLIENT-0649,2025-02-11,Colombia,web,No lo recomiendo para nada.,NEG
PROD-002,CLIENT-0648,2025-02-24,Argentina,web,El producto llegó rápido y en buen estado.,NEU
PROD-002,CLIENT-0647,2025-02-16,Argentina,web,No cumplió con mis expectativas.,POS
PROD-002,CLIENT-0646,2025-06-05,España,app,Muy satisfecho con la compra.,POS
PROD-002,CLIENT-0645,2025-07-09,Argentina,redes,Demasiado caro para lo que es.,POS
PROD-002,CLIENT-0644,2025-05-27,España,redes,Demasiado caro para lo que es.,NEG
PROD-002,CLIENT-0643,2025-03-13,Colombia,web,No lo recomiendo para nada.,POS
PROD-002,CLIENT-0642,2025-07-08,Colombia,web,Es justo lo que necesitaba.,NEU
PROD-002,CLIENT-0641,2025-04-04,Colombia,redes,El servicio fue deficiente.,NEG
PROD-002,CLIENT-0640,2025-04-09,Argentina,app,Demasiado caro para lo que es.,POS
PROD-002,CLIENT-0639,2025-05-22,Colombia,redes,Calidad decente por el precio.,POS
PROD-002,CLIENT-0638,2025-02-05,Colombia,redes,No cumplió con mis expectativas.,POS
PROD-002,CLIENT-0637,2025-05-02,Chile,app,El producto llegó rápido y en buen estado.,NEU
PROD-002,CLIENT-0636,2025-02-22,Colombia,redes,Muy satisfecho con la compra.,NEG
PROD-002,CLIENT-0635,2025-06-08,España,web,Muy satisfecho con la compra.,NEU
PROD-002,CLIENT-0634,2025-07-20,Colombia,redes,No lo recomiendo para nada.,NEG
PROD-002,CLIENT-0633,2025-06-29,España,redes,No lo recomiendo para nada.,NEG
PROD-002,CLIENT-0632,2025-03-01,Argentina,web,El servicio fue deficiente.,POS
PROD-002,CLIENT-0631,2025-07-20,España,redes,Es justo lo que necesitaba.,POS
PROD-002,CLIENT-0630,2025-06-26,México,web,No cumplió con mis expectativas.,NEU
PROD-002,CLIENT-0629,2025-05-15,España,app,"Nada especial, pero funcional.",POS
PROD-002,CLIENT-0628,2025-05-14,España,redes,Muy satisfecho con la compra.,POS
PROD-002,CLIENT-0627,2025-03-23,Chile,redes,El servicio fue deficiente.,NEU
PROD-002,CLIENT-0626,2025-07-04,México,web,No lo recomiendo para nada.,NEU
PROD-002,CLIENT-0625,2025-06-27,España,redes,"Nada especial, pero funcional.",NEG
PROD-002,CLIENT-0624,2025-07-11,Chile,web,"Nada especial, pero funcional.",NEU
PROD-002,CLIENT-0623,2025-04-25,España,redes,No lo recomiendo para nada.,NEU
PROD-002,CLIENT-0622,2025-04-25,España,app,El servicio fue deficiente.,NEG
PROD-002,CLIENT-0621,2025-05-05,México,redes,El servicio fue deficiente.,NEG
PROD-002,CLIENT-0620,2025-02-14,México,redes,Es justo lo que necesitaba.,POS
PROD-002,CLIENT-0619,2025-07-28,España,app,El producto llegó rápido y en buen estado.,NEG
PROD-002,CLIENT-0618,2025-07-27,España,redes,"Excelente, lo volvería a comprar.",NEU
PROD-002,CLIENT-0617,2025-01-30,Argentina,app,"Excelente, lo volvería a comprar.",POS
PROD-002,CLIENT-0616,2025-07-28,España,app,No lo recomiendo para nada.,NEG
PROD-002,CLIENT-0615,2025-02-12,México,app,No cumplió con mis expectativas.,NEU
PROD-002,CLIENT-0614,2025-06-01,Chile,web,Calidad decente por el precio.,POS
PROD-002,CLIENT-0613,2025-06-16,Colombia,redes,El producto llegó rápido y en buen estado.,NEU
PROD-002,CLIENT-0612,2025-06-15,Colombia,app,El producto llegó rápido y en buen estado.,NEG
PROD-002,CLIENT-0611,2025-04-19,Chile,web,Calidad decente por el precio.,POS
PROD-002,CLIENT-0610,2025-03-26,México,app,Muy satisfecho con la compra.,NEU
PROD-002,CLIENT-0609,2025-03-29,Colombia,redes,El servicio fue deficiente.,NEU
PROD-002,CLIENT-0608,2025-02-20,España,redes,No lo recomiendo para nada.,NEG
PROD-002,CLIENT-0607,2025-02-01,Chile,redes,El producto llegó rápido y en buen estado.,NEG
PROD-002,CLIENT-0606,2025-02-28,Chile,web,No cumplió con mis expectativas.,NEG
PROD-002,CLIENT-0605,2025-05-04,Colombia,web,No lo recomiendo para nada.,NEU
PROD-002,CLIENT-0604,2025-02-28,España,web,El servicio fue deficiente.,POS
PROD-002,CLIENT-0603,2025-07-26,Chile,app,"Excelente, lo volvería a comprar.",NEG
PROD-002,CLIENT-0602,2025-04-17,Chile,web,No lo recomiendo para nada.,NEU
PROD-002,CLIENT-0601,2025-04-24,Chile,web,"Nada especial, pero funcional.",POS
PROD-003,CLIENT-0600,2025-06-25,Chile,redes,Muy satisfecho con la compra.,NEG
PROD-003,CLIENT-0599,2025-03-18,México,web,Muy satisfecho con la compra.,NEU
PROD-003,CLIENT-0598,2025-02-16,España,app,El producto llegó rápido y en buen estado.,NEG
PROD-003,CLIENT-0597,2025-02-11,Argentina,app,"Nada especial, pero funcional.",NEG
PROD-003,CLIENT-0596,2025-06-14,México,redes,Calidad decente por el precio.,NEG
PROD-003,CLIENT-0595,2025-03-03,Argentina,app,"Excelente, lo volvería a comprar.",NEU
PROD-003,CLIENT-0594,2025-07-13,México,web,Calidad decente por el precio.,NEU
PROD-003,CLIENT-0593,2025-06-04,México,redes,No cumplió con mis expectativas.,NEU
PROD-003,CLIENT-0592,2025-03-17,México,app,No lo recomiendo para nada.,NEG
PROD-003,CLIENT-0591,2025-06-06,España,web,Calidad decente por el precio.,NEG
PROD-003,CLIENT-0590,2025-03-09,Colombia,redes,El servicio fue deficiente.,NEG
PROD-003,CLIENT-0589,2025-02-13,México,web,Demasiado caro para lo que es.,NEU
PROD-003,CLIENT-0588,2025-02-08,Argentina,app,"Excelente, lo volvería a comprar.",NEU
PROD-003,CLIENT-0587,2025-02-15,Argentina,app,Calidad decente por el precio.,NEU
PROD-003,CLIENT-0586,2025-03-01,España,app,Es justo lo que necesitaba.,NEG
PROD-003,CLIENT-0585,2025-02-05,Chile,redes,No cumplió con mis expectativas.,NEG
PROD-003,CLIENT-0584,2025-05-07,España,redes,No lo recomiendo para nada.,NEU
PROD-003,CLIENT-0583,2025-05-14,Chile,redes,No cumplió con mis expectativas.,POS
PROD-003,CLIENT-0582,2025-04-15,Colombia,redes,"Nada especial, pero funcional.",NEG
PROD-003,CLIENT-0581,2025-05-20,México,app,Calidad decente por el precio.,POS
PROD-003,CLIENT-0580,2025-06-12,Chile,web,Calidad decente por el precio.,NEG
PROD-003,CLIENT-0579,2025-02-26,España,app,El servicio fue deficiente.,NEU
PROD-003,CLIENT-0578,2025-02-13,México,web,El servicio fue deficiente.,NEU
PROD-003,CLIENT-0577,2025-03-01,Colombia,app,Es justo lo que necesitaba.,NEU
PROD-003,CLIENT-0576,2025-07-13,Chile,web,No lo recomiendo para nada.,NEU
PROD-003,CLIENT-0575,2025-05-14,México,redes,Calidad decente por el precio.,NEG
PROD-003,CLIENT-0574,2025-02-14,España,app,"Excelente, lo volvería a comprar.",NEG
PROD-003,CLIENT-0573,2025-07-28,México,redes,Demasiado caro para lo que es.,NEU
PROD-003,CLIENT-0572,2025-07-14,España,redes,Muy satisfecho con la compra.,POS
PROD-003,CLIENT-0571,2025-05-13,México,web,Demasiado caro para lo que es.,POS
PROD-003,CLIENT-0570,2025-03-28,Chile,app,Calidad decente por el precio.,POS
PROD-003,CLIENT-0569,2025-03-01,Argentina,redes,No lo recomiendo para nada.,NEU
PROD-003,CLIENT-0568,2025-02-22,Chile,redes,No lo recomiendo para nada.,NEG
PROD-003,CLIENT-0567,2025-02-22,España,app,Muy satisfecho con la compra.,POS
PROD-003,CLIENT-0566,2025-05-03,Colombia,web,"Excelente, lo volvería a comprar.",NEG
PROD-003,CLIENT-0565,2025-06-25,España,web,El servicio fue deficiente.,NEU
PROD-003,CLIENT-0564,2025-05-31,Chile,web,No cumplió con mis expectativas.,POS
PROD-003,CLIENT-0563,2025-03-26,México,app,Es justo lo que necesitaba.,NEU
PROD-003,CLIENT-0562,2025-03-07,España,redes,El servicio fue deficiente.,NEU
PROD-003,CLIENT-0561,2025-03-31,Colombia,app,Es justo lo que necesitaba.,POS
PROD-003,CLIENT-0560,2025-04-28,Chile,redes,Calidad decente por el precio.,NEG
PROD-003,CLIENT-0559,2025-03-11,Argentina,app,Demasiado caro para lo que es.,POS
PROD-003,CLIENT-0558,2025-06-02,Colombia,redes,No lo recomiendo para nada.,POS
PROD-003,CLIENT-0557,2025-05-12,México,web,No cumplió con mis expectativas.,POS
PROD-003,CLIENT-0556,2025-07-05,Colombia,web,El servicio fue deficiente.,POS
PROD-003,CLIENT-0555,2025-04-16,Argentina,web,No lo recomiendo para nada.,POS
PROD-003,CLIENT-0554,2025-04-16,Chile,app,El producto llegó rápido y en buen estado.,NEU
PROD-003,CLIENT-0553,2025-04-26,España,redes,Demasiado caro para lo que es.,POS
PROD-003,CLIENT-0552,2025-04-06,Colombia,web,Muy satisfecho con la compra.,NEG
PROD-003,CLIENT-0551,2025-05-29,México,web,Muy satisfecho con la compra.,POS
PROD-003,CLIENT-0550,2025-03-12,Colombia,redes,"Nada especial, pero funcional.",POS
PROD-003,CLIENT-0549,2025-06-07,Chile,web,Es justo lo que necesitaba.,NEG
PROD-003,CLIENT-0548,2025-05-30,Chile,web,"Excelente, lo volvería a comprar.",NEU
PROD-003,CLIENT-0547,2025-07-29,Argentina,redes,No lo recomiendo para nada.,POS
PROD-003,CLIENT-0546,2025-06-03,Chile,redes,Muy satisfecho con la compra.,NEG
PROD-003,CLIENT-0545,2025-07-15,Colombia,redes,Calidad decente por el precio.,NEU
PROD-003,CLIENT-0544,2025-06-08,México,web,"Excelente, lo volvería a comprar.",NEG
PROD-003,CLIENT-0543,2025-02-08,México,web,Es justo lo que necesitaba.,NEG
PROD-003,CLIENT-0542,2025-05-25,Chile,web,Muy satisfecho con la compra.,NEU
PROD-003,CLIENT-0541,2025-07-13,México,web,"Excelente, lo volvería a comprar.",POS
PROD-003,CLIENT-0540,2025-07-29,Argentina,web,El producto llegó rápido y en buen estado.,NEU
PROD-003,CLIENT-0539,2025-05-11,España,web,Es justo lo que necesitaba.,POS
PROD-003,CLIENT-0538,2025-05-25,México,redes,Calidad decente por el precio.,NEU
PROD-003,CLIENT-0537,2025-03-09,Colombia,web,Demasiado caro para lo que es.,POS
PROD-003,CLIENT-0536,2025-04-08,Colombia,web,El servicio fue deficiente.,NEG
PROD-003,CLIENT-0535,2025-05-23,Argentina,app,Es justo lo que necesitaba.,NEU
PROD-003,CLIENT-0534,2025-05-23,Chile,app,No cumplió con mis expectativas.,NEU
PROD-003,CLIENT-0533,2025-05-12,México,app,Calidad decente por el precio.,NEG
PROD-003,CLIENT-0532,2025-06-23,Argentina,web,Demasiado caro para lo que es.,POS
PROD-003,CLIENT-0531,2025-02-02,España,app,Muy satisfecho con la compra.,POS
PROD-003,CLIENT-0530,2025-02-25,España,web,"Excelente, lo volvería a comprar.",NEU
PROD-003,CLIENT-0529,2025-04-30,México,web,Demasiado caro para lo que es.,NEG
PROD-003,CLIENT-0528,2025-07-15,España,web,El servicio fue deficiente.,POS
PROD-003,CLIENT-0527,2025-02-08,México,app,Calidad decente por el precio.,NEG
PROD-003,CLIENT-0526,2025-02-27,México,web,Calidad decente por el precio.,POS
PROD-003,CLIENT-0525,2025-03-23,Colombia,web,"Excelente, lo volvería a comprar.",POS
PROD-003,CLIENT-0524,2025-07-05,México,redes,No lo recomiendo para nada.,NEU
PROD-003,CLIENT-0523,2025-07-02,España,app,No lo recomiendo para nada.,POS
PROD-003,CLIENT-0522,2025-02-15,México,app,Muy satisfecho con la compra.,POS
PROD-003,CLIENT-0521,2025-02-10,México,web,"Excelente, lo volvería a comprar.",NEU
PROD-003,CLIENT-0520,2025-04-30,Colombia,redes,"Excelente, lo volvería a comprar.",NEG
PROD-003,CLIENT-0519,2025-04-29,Chile,redes,"Nada especial, pero funcional.",POS
PROD-003,CLIENT-0518,2025-06-02,Argentina,app,No lo recomiendo para nada.,POS
PROD-003,CLIENT-0517,2025-04-10,México,app,"Excelente, lo volvería a comprar.",POS
PROD-003,CLIENT-0516,2025-04-16,México,web,Calidad decente por el precio.,NEU
PROD-003,CLIENT-0515,2025-04-24,Chile,app,Muy satisfecho con la compra.,POS
PROD-003,CLIENT-0514,2025-05-14,México,app,Muy satisfecho con la compra.,POS
PROD-003,CLIENT-0513,2025-05-19,México,web,Demasiado caro para lo que es.,POS
PROD-003,CLIENT-0512,2025-02-21,México,web,Es justo lo que necesitaba.,NEG
PROD-003,CLIENT-0511,2025-02-10,Argentina,app,No cumplió con mis expectativas.,NEG
PROD-003,CLIENT-0510,2025-06-30,Chile,app,Calidad decente por el precio.,NEU
PROD-003,CLIENT-0509,2025-06-04,Argentina,app,El producto llegó rápido y en buen estado.,NEU
PROD-003,CLIENT-0508,2025-06-10,España,app,Es justo lo que necesitaba.,NEG
PROD-003,CLIENT-0507,2025-06-16,Chile,web,Demasiado caro para lo que es.,NEG
PROD-003,CLIENT-0506,2025-04-05,México,web,Es justo lo que necesitaba.,POS
PROD-003,CLIENT-0505,2025-02-20,México,web,"Excelente, lo volvería a comprar.",NEU
PROD-003,CLIENT-0504,2025-05-02,Argentina,redes,Demasiado caro para lo que es.,POS
PROD-003,CLIENT-0503,2025-04-08,México,redes,El servicio fue deficiente.,NEG
PROD-003,CLIENT-0502,2025-03-21,México,app,El producto llegó rápido y en buen estado.,NEG
PROD-003,CLIENT-0501,2025-03-17,España,web,Calidad decente por el precio.,NEU
PROD-003,CLIENT-0500,2025-07-18,México,redes,Muy satisfecho con la compra.,POS
PROD-003,CLIENT-0499,2025-07-09,España,redes,"Nada especial, pero funcional.",POS
PROD-003,CLIENT-0498,2025-07-03,Chile,app,Muy satisfecho con la compra.,POS
PROD-003,CLIENT-0497,2025-05-20,Colombia,redes,"Nada especial, pero funcional.",NEU
PROD-003,CLIENT-0496,2025-06-13,México,app,"Excelente, lo volvería a comprar.",NEU
PROD-003,CLIENT-0495,2025-04-25,España,redes,Calidad decente por el precio.,NEU
PROD-003,CLIENT-0494,2025-03-13,España,web,"Excelente, lo volvería a comprar.",NEG
PROD-003,CLIENT-0493,2025-06-06,Argentina,web,Muy satisfecho con la compra.,NEU
PROD-003,CLIENT-0492,2025-03-01,España,redes,Calidad decente por el precio.,POS
PROD-003,CLIENT-0491,2025-03-09,Chile,app,El producto llegó rápido y en buen estado.,POS
PROD-003,CLIENT-0490,2025-04-07,Chile,app,Es justo lo que necesitaba.,NEU
PROD-003,CLIENT-0489,2025-03-12,México,redes,Calidad decente por el precio.,NEG
PROD-003,CLIENT-0488,2025-04-08,Argentina,app,Muy satisfecho con la compra.,POS
PROD-003,CLIENT-0487,2025-02-03,México,web,El servicio fue deficiente.,NEG
PROD-003,CLIENT-0486,2025-06-30,Argentina,redes,El servicio fue deficiente.,NEU
PROD-003,CLIENT-0485,2025-02-09,España,web,Muy satisfecho con la compra.,NEU
PROD-003,CLIENT-0484,2025-06-03,México,app,Demasiado caro para lo que es.,POS
PROD-003,CLIENT-0483,2025-01-31,Argentina,web,El producto llegó rápido y en buen estado.,NEU
PROD-003,CLIENT-0482,2025-05-02,Argentina,web,El producto llegó rápido y en buen estado.,NEG
PROD-003,CLIENT-0481,2025-07-14,Chile,web,No cumplió con mis expectativas.,NEU
PROD-003,CLIENT-0480,2025-07-11,México,redes,"Excelente, lo volvería a comprar.",POS
PROD-003,CLIENT-0479,2025-05-26,Argentina,redes,"Excelente, lo volvería a comprar.",NEU
PROD-003,CLIENT-0478,2025-04-16,México,web,Muy satisfecho con la compra.,NEG
PROD-003,CLIENT-0477,2025-03-11,Colombia,app,Muy satisfecho con la compra.,NEU
PROD-003,CLIENT-0476,2025-05-18,España,redes,No cumplió con mis expectativas.,POS
PROD-003,CLIENT-0475,2025-05-05,Colombia,app,Es justo lo que necesitaba.,NEU
PROD-003,CLIENT-0474,2025-04-20,Argentina,app,"Nada especial, pero funcional.",NEG
PROD-003,CLIENT-0473,2025-02-09,México,app,No lo recomiendo para nada.,POS
PROD-003,CLIENT-0472,2025-03-02,Chile,web,No cumplió con mis expectativas.,POS
PROD-003,CLIENT-0471,2025-03-02,Chile,web,"Excelente, lo volvería a comprar.",NEG
PROD-003,CLIENT-0470,2025-06-26,Argentina,redes,"Nada especial, pero funcional.",NEU
PROD-003,CLIENT-0469,2025-03-22,México,app,Es justo lo que necesitaba.,NEG
PROD-003,CLIENT-0468,2025-07-29,Argentina,app,El producto llegó rápido y en buen estado.,NEU
PROD-003,CLIENT-0467,2025-04-14,Colombia,redes,El servicio fue deficiente.,POS
PROD-003,CLIENT-0466,2025-07-17,Chile,web,No lo recomiendo para nada.,NEG
PROD-003,CLIENT-0465,2025-06-19,México,redes,El producto llegó rápido y en buen estado.,POS
PROD-003,CLIENT-0464,2025-03-09,Argentina,redes,No lo recomiendo para nada.,POS
PROD-003,CLIENT-0463,2025-05-09,Colombia,app,No lo recomiendo para nada.,NEU
PROD-003,CLIENT-0462,2025-03-23,Chile,redes,No cumplió con mis expectativas.,NEU
PROD-003,CLIENT-0461,2025-04-27,Colombia,app,El servicio fue deficiente.,NEU
PROD-003,CLIENT-0460,2025-07-21,Argentina,redes,"Excelente, lo volvería a comprar.",NEU
PROD-003,CLIENT-0459,2025-06-28,Colombia,web,No lo recomiendo para nada.,NEG
PROD-003,CLIENT-0458,2025-02-18,Colombia,app,Es justo lo que necesitaba.,NEG
PROD-003,CLIENT-0457,2025-03-18,Argentina,web,Muy satisfecho con la compra.,NEG
PROD-003,CLIENT-0456,2025-04-22,Colombia,app,Es justo lo que necesitaba.,NEU
PROD-003,CLIENT-0455,2025-07-20,Argentina,redes,"Excelente, lo volvería a comprar.",NEG
PROD-003,CLIENT-0454,2025-07-09,México,web,El producto llegó rápido y en buen estado.,NEU
PROD-003,CLIENT-0453,2025-03-29,España,redes,Muy satisfecho con la compra.,POS
PROD-003,CLIENT-0452,2025-04-29,Argentina,app,El servicio fue deficiente.,POS
PROD-003,CLIENT-0451,2025-04-13,México,app,Muy satisfecho con la compra.,NEU
PROD-003,CLIENT-0450,2025-02-09,México,web,Calidad decente por el precio.,NEG
PROD-003,CLIENT-0449,2025-03-10,España,web,Demasiado caro para lo que es.,NEU
PROD-003,CLIENT-0448,2025-05-20,Colombia,redes,"Excelente, lo volvería a comprar.",NEG
PROD-003,CLIENT-0447,2025-03-05,México,app,No lo recomiendo para nada.,POS
PROD-003,CLIENT-0446,2025-04-23,España,app,No lo recomiendo para nada.,NEG
PROD-003,CLIENT-0445,2025-05-22,España,app,"Nada especial, pero funcional.",NEG
PROD-003,CLIENT-0444,2025-07-17,Chile,app,Demasiado caro para lo que es.,NEU
PROD-003,CLIENT-0443,2025-04-06,Colombia,web,El servicio fue deficiente.,NEU
PROD-003,CLIENT-0442,2025-05-17,México,app,Muy satisfecho con la compra.,POS
PROD-003,CLIENT-0441,2025-07-18,Argentina,app,"Nada especial, pero funcional.",POS
PROD-003,CLIENT-0440,2025-07-13,Colombia,app,El servicio fue deficiente.,POS
PROD-003,CLIENT-0439,2025-04-28,México,web,El producto llegó rápido y en buen estado.,NEG
PROD-003,CLIENT-0438,2025-06-21,México,web,Muy satisfecho con la compra.,NEG
PROD-003,CLIENT-0437,2025-03-06,Chile,web,Es justo lo que necesitaba.,NEG
PROD-003,CLIENT-0436,2025-03-25,Chile,web,Es justo lo que necesitaba.,NEU
PROD-003,CLIENT-0435,2025-03-03,España,app,Calidad decente por el precio.,NEU
PROD-003,CLIENT-0434,2025-04-30,México,redes,Demasiado caro para lo que es.,NEG
PROD-003,CLIENT-0433,2025-07-22,España,app,Muy satisfecho con la compra.,NEU
PROD-003,CLIENT-0432,2025-03-20,Chile,app,"Nada especial, pero funcional.",NEU
PROD-003,CLIENT-0431,2025-06-09,Colombia,redes,"Excelente, lo volvería a comprar.",NEG
PROD-003,CLIENT-0430,2025-05-14,Colombia,app,Es justo lo que necesitaba.,NEU
PROD-003,CLIENT-0429,2025-03-05,España,web,Calidad decente por el precio.,POS
PROD-003,CLIENT-0428,2025-06-08,Chile,app,El producto llegó rápido y en buen estado.,POS
PROD-003,CLIENT-0427,2025-02-19,Chile,web,Calidad decente por el precio.,NEU
PROD-003,CLIENT-0426,2025-04-28,México,redes,Calidad decente por el precio.,POS
PROD-003,CLIENT-0425,2025-04-08,España,app,Muy satisfecho con la compra.,POS
PROD-003,CLIENT-0424,2025-03-08,México,app,Muy satisfecho con la compra.,NEU
PROD-003,CLIENT-0423,2025-03-27,Argentina,app,No lo recomiendo para nada.,POS
PROD-003,CLIENT-0422,2025-05-31,México,app,"Nada especial, pero funcional.",POS
PROD-003,CLIENT-0421,2025-06-07,Argentina,redes,Es justo lo que necesitaba.,POS
PROD-003,CLIENT-0420,2025-04-09,Chile,web,No lo recomiendo para nada.,NEG
PROD-003,CLIENT-0419,2025-06-27,Chile,web,"Nada especial, pero funcional.",NEG
PROD-003,CLIENT-0418,2025-05-15,España,app,Calidad decente por el precio.,NEU
PROD-003,CLIENT-0417,2025-05-18,Argentina,redes,"Excelente, lo volvería a comprar.",POS
PROD-003,CLIENT-0416,2025-06-16,México,web,El producto llegó rápido y en buen estado.,NEG
PROD-003,CLIENT-0415,2025-04-16,México,app,El servicio fue deficiente.,NEU
PROD-003,CLIENT-0414,2025-05-15,Colombia,web,No lo recomiendo para nada.,NEG
PROD-003,CLIENT-0413,2025-04-07,Argentina,redes,"Nada especial, pero funcional.",POS
PROD-003,CLIENT-0412,2025-04-18,Colombia,app,Demasiado caro para lo que es.,NEU
PROD-003,CLIENT-0411,2025-06-21,España,app,Calidad decente por el precio.,POS
PROD-003,CLIENT-0410,2025-02-23,México,redes,Es justo lo que necesitaba.,POS
PROD-003,CLIENT-0409,2025-05-21,Colombia,web,Demasiado caro para lo que es.,NEU
PROD-003,CLIENT-0408,2025-02-12,España,app,"Excelente, lo volvería a comprar.",NEU
PROD-003,CLIENT-0407,2025-05-14,Colombia,redes,Muy satisfecho con la compra.,NEU
PROD-003,CLIENT-0406,2025-03-11,Argentina,app,No lo recomiendo para nada.,POS
PROD-003,CLIENT-0405,2025-07-14,México,web,"Nada especial, pero funcional.",NEG
PROD-003,CLIENT-0404,2025-06-16,México,web,El producto llegó rápido y en buen estado.,NEG
PROD-003,CLIENT-0403,2025-07-20,Chile,redes,Calidad decente por el precio.,NEG
PROD-003,CLIENT-0402,2025-04-15,Colombia,web,"Nada especial, pero funcional.",NEG
PROD-003,CLIENT-0401,2025-03-30,Colombia,app,Demasiado caro para lo que es.,POS
PROD-004,CLIENT-0400,2025-07-07,México,web,El producto llegó rápido y en buen estado.,POS
PROD-004,CLIENT-0399,2025-02-09,Argentina,app,No cumplió con mis expectativas.,NEG
PROD-004,CLIENT-0398,2025-03-23,Argentina,redes,No lo recomiendo para nada.,POS
PROD-004,CLIENT-0397,2025-04-23,México,app,El servicio fue deficiente.,POS
PROD-004,CLIENT-0396,2025-06-22,México,app,No cumplió con mis expectativas.,POS
PROD-004,CLIENT-0395,2025-05-04,Argentina,web,El servicio fue deficiente.,NEU
PROD-004,CLIENT-0394,2025-06-09,Colombia,app,Es justo lo que necesitaba.,POS
PROD-004,CLIENT-0393,2025-03-08,México,redes,El producto llegó rápido y en buen estado.,NEU
PROD-004,CLIENT-0392,2025-06-03,España,web,No lo recomiendo para nada.,NEU
PROD-004,CLIENT-0391,2025-06-27,Argentina,web,No lo recomiendo para nada.,NEG
PROD-004,CLIENT-0390,2025-06-17,España,app,El producto llegó rápido y en buen estado.,NEG
PROD-004,CLIENT-0389,2025-07-01,Colombia,web,Es justo lo que necesitaba.,NEU
PROD-004,CLIENT-0388,2025-04-22,Colombia,web,"Nada especial, pero funcional.",NEU
PROD-004,CLIENT-0387,2025-05-30,España,web,No lo recomiendo para nada.,POS
PROD-004,CLIENT-0386,2025-06-19,Colombia,web,Demasiado caro para lo que es.,NEU
PROD-004,CLIENT-0385,2025-06-01,España,web,El producto llegó rápido y en buen estado.,NEU
PROD-004,CLIENT-0384,2025-05-05,Argentina,app,Es justo lo que necesitaba.,POS
PROD-004,CLIENT-0383,2025-02-15,Argentina,redes,El producto llegó rápido y en buen estado.,NEG
PROD-004,CLIENT-0382,2025-04-18,Argentina,redes,El producto llegó rápido y en buen estado.,POS
PROD-004,CLIENT-0381,2025-06-10,Chile,redes,No lo recomiendo para nada.,NEU
PROD-004,CLIENT-0380,2025-06-21,Chile,redes,El servicio fue deficiente.,NEU
PROD-004,CLIENT-0379,2025-02-24,Chile,web,Demasiado caro para lo que es.,POS
PROD-004,CLIENT-0378,2025-03-30,Colombia,redes,"Excelente, lo volvería a comprar.",NEU
PROD-004,CLIENT-0377,2025-07-29,Chile,redes,No lo recomiendo para nada.,POS
PROD-004,CLIENT-0376,2025-07-28,México,redes,No cumplió con mis expectativas.,NEU
PROD-004,CLIENT-0375,2025-07-15,Colombia,app,El producto llegó rápido y en buen estado.,POS
PROD-004,CLIENT-0374,2025-04-10,Argentina,redes,No cumplió con mis expectativas.,POS
PROD-004,CLIENT-0373,2025-02-22,España,app,Es justo lo que necesitaba.,NEG
PROD-004,CLIENT-0372,2025-04-30,México,redes,No lo recomiendo para nada.,NEG
PROD-004,CLIENT-0371,2025-04-14,Chile,app,Muy satisfecho con la compra.,NEG
PROD-004,CLIENT-0370,2025-07-03,Argentina,redes,No lo recomiendo para nada.,NEU
PROD-004,CLIENT-0369,2025-07-29,Argentina,redes,Muy satisfecho con la compra.,POS
PROD-004,CLIENT-0368,2025-04-17,México,redes,Calidad decente por el precio.,POS
PROD-004,CLIENT-0367,2025-04-25,México,app,No cumplió con mis expectativas.,NEG
PROD-004,CLIENT-0366,2025-05-05,Colombia,app,Muy satisfecho con la compra.,POS
PROD-004,CLIENT-0365,2025-07-26,Chile,web,"Excelente, lo volvería a comprar.",POS
PROD-004,CLIENT-0364,2025-06-11,Colombia,web,"Excelente, lo volvería a comprar.",NEG
PROD-004,CLIENT-0363,2025-01-31,Argentina,app,"Excelente, lo volvería a comprar.",POS
PROD-004,CLIENT-0362,2025-02-04,Argentina,app,Muy satisfecho con la compra.,POS
PROD-004,CLIENT-0361,2025-02-03,México,web,Calidad decente por el precio.,NEU
PROD-004,CLIENT-0360,2025-02-25,México,web,Es justo lo que necesitaba.,NEG
PROD-004,CLIENT-0359,2025-04-12,México,web,El producto llegó rápido y en buen estado.,NEU
PROD-004,CLIENT-0358,2025-07-23,España,web,"Excelente, lo volvería a comprar.",POS
PROD-004,CLIENT-0357,2025-03-08,México,web,"Excelente, lo volvería a comprar.",NEU
PROD-004,CLIENT-0356,2025-07-26,México,app,Calidad decente por el precio.,NEU
PROD-004,CLIENT-0355,2025-04-09,Argentina,redes,No cumplió con mis expectativas.,POS
PROD-004,CLIENT-0354,2025-05-17,España,web,"Excelente, lo volvería a comprar.",NEU
PROD-004,CLIENT-0353,2025-04-08,México,redes,No cumplió con mis expectativas.,NEU
PROD-004,CLIENT-0352,2025-05-20,México,web,Es justo lo que necesitaba.,NEU
PROD-004,CLIENT-0351,2025-05-04,Chile,web,Calidad decente por el precio.,POS
PROD-004,CLIENT-0350,2025-02-24,México,redes,El servicio fue deficiente.,NEG
PROD-004,CLIENT-0349,2025-05-23,España,redes,"Nada especial, pero funcional.",NEG
PROD-004,CLIENT-0348,2025-02-05,México,app,Es justo lo que necesitaba.,POS
PROD-004,CLIENT-0347,2025-07-21,Argentina,web,Es justo lo que necesitaba.,NEU
PROD-004,CLIENT-0346,2025-06-18,Chile,app,"Excelente, lo volvería a comprar.",NEU
PROD-004,CLIENT-0345,2025-07-04,Chile,web,Muy satisfecho con la compra.,POS
PROD-004,CLIENT-0344,2025-06-12,Chile,app,No lo recomiendo para nada.,NEU
PROD-004,CLIENT-0343,2025-03-06,España,redes,No lo recomiendo para nada.,NEG
PROD-004,CLIENT-0342,2025-02-05,Argentina,app,No lo recomiendo para nada.,POS
PROD-004,CLIENT-0341,2025-07-10,Colombia,redes,No cumplió con mis expectativas.,NEG
PROD-004,CLIENT-0340,2025-05-01,Argentina,redes,No cumplió con mis expectativas.,POS
PROD-004,CLIENT-0339,2025-03-06,Argentina,app,Muy satisfecho con la compra.,POS
PROD-004,CLIENT-0338,2025-06-01,Argentina,redes,"Nada especial, pero funcional.",NEG
PROD-004,CLIENT-0337,2025-03-11,España,app,Es justo lo que necesitaba.,NEU
PROD-004,CLIENT-0336,2025-02-21,México,app,"Excelente, lo volvería a comprar.",POS
PROD-004,CLIENT-0335,2025-07-22,México,app,No cumplió con mis expectativas.,NEU
PROD-004,CLIENT-0334,2025-05-21,Colombia,app,Muy satisfecho con la compra.,NEG
PROD-004,CLIENT-0333,2025-06-07,Colombia,redes,No cumplió con mis expectativas.,NEG
PROD-004,CLIENT-0332,2025-02-17,México,web,Muy satisfecho con la compra.,POS
PROD-004,CLIENT-0331,2025-05-26,México,redes,El producto llegó rápido y en buen estado.,NEG
PROD-004,CLIENT-0330,2025-06-02,Colombia,redes,"Nada especial, pero funcional.",NEU
PROD-004,CLIENT-0329,2025-07-13,Colombia,web,"Nada especial, pero funcional.",POS
PROD-004,CLIENT-0328,2025-04-22,México,web,"Nada especial, pero funcional.",NEU
PROD-004,CLIENT-0327,2025-04-13,Colombia,app,No lo recomiendo para nada.,POS
PROD-004,CLIENT-0326,2025-06-02,Colombia,app,Demasiado caro para lo que es.,NEU
PROD-004,CLIENT-0325,2025-05-29,Argentina,app,Es justo lo que necesitaba.,POS
PROD-004,CLIENT-0324,2025-05-07,México,app,Demasiado caro para lo que es.,POS
PROD-004,CLIENT-0323,2025-05-22,Colombia,redes,Demasiado caro para lo que es.,NEG
PROD-004,CLIENT-0322,2025-04-23,México,web,Demasiado caro para lo que es.,NEU
PROD-004,CLIENT-0321,2025-03-21,España,app,El producto llegó rápido y en buen estado.,NEG
PROD-004,CLIENT-0320,2025-07-03,Chile,redes,Demasiado caro para lo que es.,NEG
PROD-004,CLIENT-0319,2025-07-23,España,web,Demasiado caro para lo que es.,POS
PROD-004,CLIENT-0318,2025-06-30,Chile,app,"Excelente, lo volvería a comprar.",POS
PROD-004,CLIENT-0317,2025-02-26,México,app,No lo recomiendo para nada.,NEU
PROD-004,CLIENT-0316,2025-04-29,Colombia,redes,El producto llegó rápido y en buen estado.,POS
PROD-004,CLIENT-0315,2025-04-30,México,app,Es justo lo que necesitaba.,POS
PROD-004,CLIENT-0314,2025-02-22,México,app,"Nada especial, pero funcional.",NEG
PROD-004,CLIENT-0313,2025-06-09,Colombia,redes,Muy satisfecho con la compra.,POS
PROD-004,CLIENT-0312,2025-05-06,Colombia,redes,"Excelente, lo volvería a comprar.",NEU
PROD-004,CLIENT-0311,2025-05-05,Chile,web,Demasiado caro para lo que es.,NEU
PROD-004,CLIENT-0310,2025-04-02,Chile,redes,El producto llegó rápido y en buen estado.,POS
PROD-004,CLIENT-0309,2025-05-19,Chile,web,No cumplió con mis expectativas.,NEG
PROD-004,CLIENT-0308,2025-03-10,Argentina,web,Calidad decente por el precio.,POS
PROD-004,CLIENT-0307,2025-02-12,Chile,web,El producto llegó rápido y en buen estado.,POS
PROD-004,CLIENT-0306,2025-05-18,México,app,Demasiado caro para lo que es.,NEG
PROD-004,CLIENT-0305,2025-03-22,Chile,app,El producto llegó rápido y en buen estado.,POS
PROD-004,CLIENT-0304,2025-07-11,España,redes,Demasiado caro para lo que es.,NEG
PROD-004,CLIENT-0303,2025-06-23,México,web,Calidad decente por el precio.,NEG
PROD-004,CLIENT-0302,2025-07-12,España,app,Muy satisfecho con la compra.,NEG
PROD-004,CLIENT-0301,2025-07-09,España,redes,El producto llegó rápido y en buen estado.,NEG
PROD-004,CLIENT-0300,2025-06-03,Argentina,redes,"Nada especial, pero funcional.",NEU
PROD-004,CLIENT-0299,2025-02-23,México,web,Demasiado caro para lo que es.,NEU
PROD-004,CLIENT-0298,2025-03-21,Argentina,redes,"Nada especial, pero funcional.",NEU
PROD-004,CLIENT-0297,2025-03-17,México,app,No cumplió con mis expectativas.,NEU
PROD-004,CLIENT-0296,2025-07-07,Colombia,redes,Muy satisfecho con la compra.,NEG
PROD-004,CLIENT-0295,2025-07-20,España,web,No cumplió con mis expectativas.,NEG
PROD-004,CLIENT-0294,2025-03-26,Colombia,redes,No cumplió con mis expectativas.,NEU
PROD-004,CLIENT-0293,2025-04-06,Colombia,redes,"Excelente, lo volvería a comprar.",POS
PROD-004,CLIENT-0292,2025-03-04,México,app,El servicio fue deficiente.,POS
PROD-004,CLIENT-0291,2025-07-03,México,app,Demasiado caro para lo que es.,NEU
PROD-004,CLIENT-0290,2025-03-29,Argentina,web,"Nada especial, pero funcional.",NEU
PROD-004,CLIENT-0289,2025-03-29,Colombia,redes,Muy satisfecho con la compra.,NEU
PROD-004,CLIENT-0288,2025-03-04,Chile,redes,Muy satisfecho con la compra.,NEU
PROD-004,CLIENT-0287,2025-05-21,Argentina,redes,Es justo lo que necesitaba.,POS
PROD-004,CLIENT-0286,2025-03-01,España,redes,Demasiado caro para lo que es.,POS
PROD-004,CLIENT-0285,2025-06-10,España,web,"Excelente, lo volvería a comprar.",NEU
PROD-004,CLIENT-0284,2025-03-30,Chile,app,"Excelente, lo volvería a comprar.",NEG
PROD-004,CLIENT-0283,2025-07-29,Colombia,web,Demasiado caro para lo que es.,NEG
PROD-004,CLIENT-0282,2025-02-11,México,web,Es justo lo que necesitaba.,POS
PROD-004,CLIENT-0281,2025-03-21,Argentina,app,Calidad decente por el precio.,NEG
PROD-004,CLIENT-0280,2025-06-28,España,app,Calidad decente por el precio.,NEU
PROD-004,CLIENT-0279,2025-04-12,España,app,"Nada especial, pero funcional.",POS
PROD-004,CLIENT-0278,2025-06-23,Colombia,app,"Excelente, lo volvería a comprar.",NEG
PROD-004,CLIENT-0277,2025-02-06,Colombia,redes,El servicio fue deficiente.,POS
PROD-004,CLIENT-0276,2025-03-02,México,app,No lo recomiendo para nada.,POS
PROD-004,CLIENT-0275,2025-07-25,México,web,Es justo lo que necesitaba.,NEU
PROD-004,CLIENT-0274,2025-03-19,Colombia,app,Es justo lo que necesitaba.,NEG
PROD-004,CLIENT-0273,2025-04-01,España,app,Es justo lo que necesitaba.,NEU
PROD-004,CLIENT-0272,2025-07-13,México,app,"Excelente, lo volvería a comprar.",NEG
PROD-004,CLIENT-0271,2025-03-16,Colombia,web,Demasiado caro para lo que es.,NEG
PROD-004,CLIENT-0270,2025-07-14,Colombia,app,No lo recomiendo para nada.,NEU
PROD-004,CLIENT-0269,2025-04-16,México,app,Calidad decente por el precio.,NEG
PROD-004,CLIENT-0268,2025-04-30,Argentina,app,"Nada especial, pero funcional.",POS
PROD-004,CLIENT-0267,2025-07-25,España,web,Muy satisfecho con la compra.,POS
PROD-004,CLIENT-0266,2025-07-25,España,app,No cumplió con mis expectativas.,NEU
PROD-004,CLIENT-0265,2025-05-14,Colombia,app,No lo recomiendo para nada.,NEU
PROD-004,CLIENT-0264,2025-03-11,España,web,"Nada especial, pero funcional.",NEG
PROD-004,CLIENT-0263,2025-05-23,México,redes,El servicio fue deficiente.,NEU
PROD-004,CLIENT-0262,2025-03-01,Argentina,redes,Calidad decente por el precio.,POS
PROD-004,CLIENT-0261,2025-03-30,Colombia,redes,El producto llegó rápido y en buen estado.,NEG
PROD-004,CLIENT-0260,2025-05-27,Colombia,web,Es justo lo que necesitaba.,POS
PROD-004,CLIENT-0259,2025-02-05,España,app,Es justo lo que necesitaba.,POS
PROD-004,CLIENT-0258,2025-03-28,Colombia,app,"Nada especial, pero funcional.",NEG
PROD-004,CLIENT-0257,2025-05-27,Chile,app,El servicio fue deficiente.,NEG
PROD-004,CLIENT-0256,2025-07-01,Chile,redes,No cumplió con mis expectativas.,POS
PROD-004,CLIENT-0255,2025-06-05,Argentina,app,No lo recomiendo para nada.,NEU
PROD-004,CLIENT-0254,2025-04-03,Colombia,app,"Excelente, lo volvería a comprar.",POS
PROD-004,CLIENT-0253,2025-03-30,España,app,Demasiado caro para lo que es.,POS
PROD-004,CLIENT-0252,2025-02-07,España,app,Calidad decente por el precio.,NEG
PROD-004,CLIENT-0251,2025-06-02,Chile,app,Es justo lo que necesitaba.,NEU
PROD-004,CLIENT-0250,2025-01-30,Colombia,app,Es justo lo que necesitaba.,NEU
PROD-004,CLIENT-0249,2025-04-06,México,app,Demasiado caro para lo que es.,POS
PROD-004,CLIENT-0248,2025-04-07,Colombia,app,Demasiado caro para lo que es.,POS
PROD-004,CLIENT-0247,2025-03-01,Colombia,app,El servicio fue deficiente.,NEG
PROD-004,CLIENT-0246,2025-02-26,Argentina,app,No lo recomiendo para nada.,NEG
PROD-004,CLIENT-0245,2025-04-07,Colombia,app,El producto llegó rápido y en buen estado.,POS
PROD-004,CLIENT-0244,2025-07-16,Argentina,redes,El producto llegó rápido y en buen estado.,NEG
PROD-004,CLIENT-0243,2025-04-20,Chile,app,"Nada especial, pero funcional.",NEG
PROD-004,CLIENT-0242,2025-05-28,Argentina,app,"Excelente, lo volvería a comprar.",NEU
PROD-004,CLIENT-0241,2025-04-18,Argentina,app,Demasiado caro para lo que es.,NEU
PROD-004,CLIENT-0240,2025-07-08,Chile,app,El servicio fue deficiente.,POS
PROD-004,CLIENT-0239,2025-05-26,España,app,Muy satisfecho con la compra.,POS
PROD-004,CLIENT-0238,2025-02-16,México,redes,Calidad decente por el precio.,POS
PROD-004,CLIENT-0237,2025-07-09,Chile,web,Es justo lo que necesitaba.,POS
PROD-004,CLIENT-0236,2025-05-02,Argentina,app,Es justo lo que necesitaba.,NEU
PROD-004,CLIENT-0235,2025-04-24,Colombia,app,Muy satisfecho con la compra.,POS
PROD-004,CLIENT-0234,2025-04-17,Colombia,web,No lo recomiendo para nada.,NEU
PROD-004,CLIENT-0233,2025-04-25,México,web,"Excelente, lo volvería a comprar.",POS
PROD-004,CLIENT-0232,2025-05-07,Chile,redes,Calidad decente por el precio.,NEU
PROD-004,CLIENT-0231,2025-05-18,Chile,redes,Demasiado caro para lo que es.,POS
PROD-004,CLIENT-0230,2025-03-17,Argentina,app,No lo recomiendo para nada.,NEG
PROD-004,CLIENT-0229,2025-05-11,México,redes,"Excelente, lo volvería a comprar.",NEU
PROD-004,CLIENT-0228,2025-03-06,Colombia,app,Demasiado caro para lo que es.,NEG
PROD-004,CLIENT-0227,2025-05-08,Colombia,redes,"Nada especial, pero funcional.",NEU
PROD-004,CLIENT-0226,2025-02-22,México,redes,"Excelente, lo volvería a comprar.",NEU
PROD-004,CLIENT-0225,2025-06-08,Chile,app,No lo recomiendo para nada.,NEG
PROD-004,CLIENT-0224,2025-03-06,Chile,web,No cumplió con mis expectativas.,POS
PROD-004,CLIENT-0223,2025-05-12,España,redes,Es justo lo que necesitaba.,POS
PROD-004,CLIENT-0222,2025-03-12,Argentina,redes,Calidad decente por el precio.,POS
PROD-004,CLIENT-0221,2025-03-13,Chile,web,Muy satisfecho con la compra.,NEG
PROD-004,CLIENT-0220,2025-02-22,Argentina,app,Es justo lo que necesitaba.,NEU
PROD-004,CLIENT-0219,2025-05-19,Argentina,web,Calidad decente por el precio.,NEU
PROD-004,CLIENT-0218,2025-04-06,México,web,Calidad decente por el precio.,NEU
PROD-004,CLIENT-0217,2025-07-22,España,redes,"Nada especial, pero funcional.",NEU
PROD-004,CLIENT-0216,2025-02-12,España,web,Muy satisfecho con la compra.,NEU
PROD-004,CLIENT-0215,2025-03-14,México,web,No cumplió con mis expectativas.,NEG
PROD-004,CLIENT-0214,2025-04-23,México,redes,El servicio fue deficiente.,POS
PROD-004,CLIENT-0213,2025-07-20,España,app,"Nada especial, pero funcional.",NEG
PROD-004,CLIENT-0212,2025-06-04,México,web,"Nada especial, pero funcional.",NEU
PROD-004,CLIENT-0211,2025-07-13,Colombia,web,El servicio fue deficiente.,NEG
PROD-004,CLIENT-0210,2025-03-15,México,app,Muy satisfecho con la compra.,NEU
PROD-004,CLIENT-0209,2025-04-09,Colombia,redes,No cumplió con mis expectativas.,POS
PROD-004,CLIENT-0208,2025-06-02,Argentina,web,El servicio fue deficiente.,NEU
PROD-004,CLIENT-0207,2025-04-03,Argentina,web,Muy satisfecho con la compra.,NEG
PROD-004,CLIENT-0206,2025-06-14,Chile,app,El producto llegó rápido y en buen estado.,POS
PROD-004,CLIENT-0205,2025-02-09,Chile,web,Calidad decente por el precio.,POS
PROD-004,CLIENT-0204,2025-03-04,España,redes,Demasiado caro para lo que es.,NEU
PROD-004,CLIENT-0203,2025-02-11,España,web,Calidad decente por el precio.,POS
PROD-004,CLIENT-0202,2025-03-12,Chile,web,No lo recomiendo para nada.,NEU
PROD-004,CLIENT-0201,2025-03-05,Colombia,redes,Calidad decente por el precio.,NEU
PROD-005,CLIENT-0200,2025-03-19,Chile,web,Muy satisfecho con la compra.,NEU
PROD-005,CLIENT-0199,2025-04-05,Colombia,web,El servicio fue deficiente.,POS
PROD-005,CLIENT-0198,2025-03-04,Chile,redes,"Excelente, lo volvería a comprar.",POS
PROD-005,CLIENT-0197,2025-03-17,España,web,Es justo lo que necesitaba.,NEU
PROD-005,CLIENT-0196,2025-04-16,México,web,"Nada especial, pero funcional.",POS
PROD-005,CLIENT-0195,2025-05-14,España,web,El servicio fue deficiente.,NEU
PROD-005,CLIENT-0194,2025-06-25,España,app,El producto llegó rápido y en buen estado.,NEU
PROD-005,CLIENT-0193,2025-07-29,México,web,Es justo lo que necesitaba.,POS
PROD-005,CLIENT-0192,2025-06-13,Argentina,app,"Excelente, lo volvería a comprar.",NEG
PROD-005,CLIENT-0191,2025-06-18,Colombia,app,No lo recomiendo para nada.,POS
PROD-005,CLIENT-0190,2025-04-16,Chile,redes,El servicio fue deficiente.,NEU
PROD-005,CLIENT-0189,2025-05-03,Chile,web,Muy satisfecho con la compra.,POS
PROD-005,CLIENT-0188,2025-04-20,Colombia,app,Es justo lo que necesitaba.,NEU
PROD-005,CLIENT-0187,2025-06-15,Colombia,redes,"Excelente, lo volvería a comprar.",POS
PROD-005,CLIENT-0186,2025-04-24,Colombia,app,No lo recomiendo para nada.,NEG
PROD-005,CLIENT-0185,2025-03-02,México,app,El servicio fue deficiente.,NEU
PROD-005,CLIENT-0184,2025-05-15,Chile,app,El producto llegó rápido y en buen estado.,POS
PROD-005,CLIENT-0183,2025-02-22,Argentina,web,Es justo lo que necesitaba.,POS
PROD-005,CLIENT-0182,2025-02-15,México,redes,El producto llegó rápido y en buen estado.,NEU
PROD-005,CLIENT-0181,2025-03-16,España,app,El servicio fue deficiente.,NEG
PROD-005,CLIENT-0180,2025-03-11,España,redes,No lo recomiendo para nada.,NEG
PROD-005,CLIENT-0179,2025-06-18,España,web,No cumplió con mis expectativas.,POS
PROD-005,CLIENT-0178,2025-04-12,Argentina,web,El producto llegó rápido y en buen estado.,NEU
PROD-005,CLIENT-0177,2025-03-26,Chile,web,El servicio fue deficiente.,NEG
PROD-005,CLIENT-0176,2025-02-11,Chile,redes,Calidad decente por el precio.,NEU
PROD-005,CLIENT-0175,2025-03-23,España,redes,El producto llegó rápido y en buen estado.,NEU
PROD-005,CLIENT-0174,2025-05-10,México,app,"Excelente, lo volvería a comprar.",POS
PROD-005,CLIENT-0173,2025-03-26,España,web,No lo recomiendo para nada.,NEG
PROD-005,CLIENT-0172,2025-07-23,México,web,Demasiado caro para lo que es.,POS
PROD-005,CLIENT-0171,2025-06-03,España,web,No lo recomiendo para nada.,NEU
PROD-005,CLIENT-0170,2025-05-22,España,app,Es justo lo que necesitaba.,NEG
PROD-005,CLIENT-0169,2025-02-18,España,web,Muy satisfecho con la compra.,NEU
PROD-005,CLIENT-0168,2025-02-02,Colombia,web,"Nada especial, pero funcional.",POS
PROD-005,CLIENT-0167,2025-04-28,España,redes,No cumplió con mis expectativas.,NEU
PROD-005,CLIENT-0166,2025-06-22,Chile,redes,No cumplió con mis expectativas.,NEU
PROD-005,CLIENT-0165,2025-06-03,Colombia,app,"Excelente, lo volvería a comprar.",NEU
PROD-005,CLIENT-0164,2025-03-23,México,web,Demasiado caro para lo que es.,POS
PROD-005,CLIENT-0163,2025-05-26,Argentina,app,El producto llegó rápido y en buen estado.,POS
PROD-005,CLIENT-0162,2025-03-26,Argentina,web,Muy satisfecho con la compra.,NEG
PROD-005,CLIENT-0161,2025-02-14,Chile,redes,"Excelente, lo volvería a comprar.",NEU
PROD-005,CLIENT-0160,2025-04-15,Argentina,web,No cumplió con mis expectativas.,NEG
PROD-005,CLIENT-0159,2025-03-28,México,web,Calidad decente por el precio.,POS
PROD-005,CLIENT-0158,2025-02-16,Colombia,web,Demasiado caro para lo que es.,NEG
PROD-005,CLIENT-0157,2025-06-14,Colombia,app,Es justo lo que necesitaba.,NEG
PROD-005,CLIENT-0156,2025-05-10,Argentina,web,El servicio fue deficiente.,POS
PROD-005,CLIENT-0155,2025-03-29,México,web,"Nada especial, pero funcional.",NEG
PROD-005,CLIENT-0154,2025-07-24,Argentina,app,Muy satisfecho con la compra.,NEG
PROD-005,CLIENT-0153,2025-02-11,España,redes,"Nada especial, pero funcional.",POS
PROD-005,CLIENT-0152,2025-07-08,Colombia,web,No cumplió con mis expectativas.,NEG
PROD-005,CLIENT-0151,2025-07-18,Argentina,app,"Excelente, lo volvería a comprar.",NEU
PROD-005,CLIENT-0150,2025-03-08,Colombia,app,Muy satisfecho con la compra.,NEU
PROD-005,CLIENT-0149,2025-06-11,Colombia,redes,"Nada especial, pero funcional.",NEG
PROD-005,CLIENT-0148,2025-04-30,México,redes,El producto llegó rápido y en buen estado.,NEU
PROD-005,CLIENT-0147,2025-07-06,México,web,No lo recomiendo para nada.,POS
PROD-005,CLIENT-0146,2025-03-03,España,web,Muy satisfecho con la compra.,NEU
PROD-005,CLIENT-0145,2025-06-26,México,app,Demasiado caro para lo que es.,NEG
PROD-005,CLIENT-0144,2025-04-04,Colombia,redes,Calidad decente por el precio.,POS
PROD-005,CLIENT-0143,2025-04-08,México,app,"Excelente, lo volvería a comprar.",NEG
PROD-005,CLIENT-0142,2025-05-05,España,app,"Excelente, lo volvería a comprar.",NEG
PROD-005,CLIENT-0141,2025-04-19,Argentina,web,El servicio fue deficiente.,NEU
PROD-005,CLIENT-0140,2025-06-03,Argentina,app,El servicio fue deficiente.,NEG
PROD-005,CLIENT-0139,2025-03-26,México,web,Es justo lo que necesitaba.,POS
PROD-005,CLIENT-0138,2025-03-23,Argentina,redes,"Nada especial, pero funcional.",POS
PROD-005,CLIENT-0137,2025-05-19,Colombia,web,No lo recomiendo para nada.,NEU
PROD-005,CLIENT-0136,2025-05-08,Argentina,web,Muy satisfecho con la compra.,NEU
PROD-005,CLIENT-0135,2025-06-07,España,web,No cumplió con mis expectativas.,NEU
PROD-005,CLIENT-0134,2025-03-29,Chile,app,No cumplió con mis expectativas.,NEG
PROD-005,CLIENT-0133,2025-04-02,Colombia,redes,"Excelente, lo volvería a comprar.",POS
PROD-005,CLIENT-0132,2025-04-30,Chile,app,"Excelente, lo volvería a comprar.",NEU
PROD-005,CLIENT-0131,2025-07-07,Chile,web,No lo recomiendo para nada.,POS
PROD-005,CLIENT-0130,2025-05-28,Colombia,redes,"Excelente, lo volvería a comprar.",NEU
PROD-005,CLIENT-0129,2025-06-26,México,app,Demasiado caro para lo que es.,NEU
PROD-005,CLIENT-0128,2025-06-18,Argentina,redes,El producto llegó rápido y en buen estado.,NEG
PROD-005,CLIENT-0127,2025-07-23,Colombia,app,El servicio fue deficiente.,NEU
PROD-005,CLIENT-0126,2025-07-07,Argentina,app,Calidad decente por el precio.,POS
PROD-005,CLIENT-0125,2025-02-14,México,redes,No lo recomiendo para nada.,NEG
PROD-005,CLIENT-0124,2025-02-09,Chile,app,Calidad decente por el precio.,POS
PROD-005,CLIENT-0123,2025-07-01,Chile,web,Demasiado caro para lo que es.,NEU
PROD-005,CLIENT-0122,2025-06-08,Argentina,app,No cumplió con mis expectativas.,POS
PROD-005,CLIENT-0121,2025-07-01,España,redes,Demasiado caro para lo que es.,NEU
PROD-005,CLIENT-0120,2025-04-01,México,redes,Demasiado caro para lo que es.,POS
PROD-005,CLIENT-0119,2025-06-12,México,app,El servicio fue deficiente.,POS
PROD-005,CLIENT-0118,2025-05-10,Argentina,app,No cumplió con mis expectativas.,NEG
PROD-005,CLIENT-0117,2025-04-28,Colombia,redes,No lo recomiendo para nada.,NEU
PROD-005,CLIENT-0116,2025-02-05,Chile,app,Muy satisfecho con la compra.,NEU
PROD-005,CLIENT-0115,2025-06-26,Argentina,web,Calidad decente por el precio.,POS
PROD-005,CLIENT-0114,2025-05-05,Colombia,web,No cumplió con mis expectativas.,POS
PROD-005,CLIENT-0113,2025-07-27,México,app,El servicio fue deficiente.,NEU
PROD-005,CLIENT-0112,2025-05-09,España,redes,No cumplió con mis expectativas.,NEG
PROD-005,CLIENT-0111,2025-07-06,Argentina,app,El servicio fue deficiente.,NEU
PROD-005,CLIENT-0110,2025-07-10,México,web,"Excelente, lo volvería a comprar.",NEU
PROD-005,CLIENT-0109,2025-05-27,Colombia,app,No lo recomiendo para nada.,POS
PROD-005,CLIENT-0108,2025-06-14,Colombia,app,Es justo lo que necesitaba.,NEG
PROD-005,CLIENT-0107,2025-02-09,Chile,web,"Excelente, lo volvería a comprar.",POS
PROD-005,CLIENT-0106,2025-06-01,México,web,Demasiado caro para lo que es.,POS
PROD-005,CLIENT-0105,2025-04-22,México,redes,Demasiado caro para lo que es.,POS
PROD-005,CLIENT-0104,2025-07-21,México,redes,Demasiado caro para lo que es.,NEU
PROD-005,CLIENT-0103,2025-06-16,Argentina,app,Es justo lo que necesitaba.,POS
PROD-005,CLIENT-0102,2025-06-01,Colombia,web,No lo recomiendo para nada.,NEG
PROD-005,CLIENT-0101,2025-05-21,Argentina,web,No lo recomiendo para nada.,NEG
PROD-005,CLIENT-0100,2025-04-03,España,app,Muy satisfecho con la compra.,NEG
PROD-005,CLIENT-0099,2025-07-21,España,app,Calidad decente por el precio.,POS
PROD-005,CLIENT-0098,2025-05-24,México,redes,No lo recomiendo para nada.,POS
PROD-005,CLIENT-0097,2025-05-03,México,redes,Muy satisfecho con la compra.,NEG
PROD-005,CLIENT-0096,2025-02-01,México,app,Calidad decente por el precio.,NEG
PROD-005,CLIENT-0095,2025-02-04,Chile,web,"Excelente, lo volvería a comprar.",POS
PROD-005,CLIENT-0094,2025-06-15,México,redes,"Nada especial, pero funcional.",POS
PROD-005,CLIENT-0093,2025-07-04,Argentina,app,Demasiado caro para lo que es.,POS
PROD-005,CLIENT-0092,2025-06-08,Chile,redes,Demasiado caro para lo que es.,NEG
PROD-005,CLIENT-0091,2025-06-29,España,web,El producto llegó rápido y en buen estado.,POS
PROD-005,CLIENT-0090,2025-06-11,México,redes,El producto llegó rápido y en buen estado.,NEU
PROD-005,CLIENT-0089,2025-03-21,Colombia,web,"Nada especial, pero funcional.",POS
PROD-005,CLIENT-0088,2025-04-30,España,app,Es justo lo que necesitaba.,NEG
PROD-005,CLIENT-0087,2025-06-27,Argentina,web,No lo recomiendo para nada.,POS
PROD-005,CLIENT-0086,2025-05-04,Chile,app,Calidad decente por el precio.,POS
PROD-005,CLIENT-0085,2025-07-16,Argentina,redes,Muy satisfecho con la compra.,NEU
PROD-005,CLIENT-0084,2025-03-22,Chile,app,El producto llegó rápido y en buen estado.,NEG
PROD-005,CLIENT-0083,2025-02-18,Colombia,redes,No cumplió con mis expectativas.,POS
PROD-005,CLIENT-0082,2025-04-22,México,web,No lo recomiendo para nada.,POS
PROD-005,CLIENT-0081,2025-02-03,España,redes,Muy satisfecho con la compra.,NEG
PROD-005,CLIENT-0080,2025-03-10,Colombia,web,El servicio fue deficiente.,NEU
PROD-005,CLIENT-0079,2025-03-12,Chile,web,El servicio fue deficiente.,NEU
PROD-005,CLIENT-0078,2025-05-19,Colombia,app,No cumplió con mis expectativas.,NEU
PROD-005,CLIENT-0077,2025-05-09,Chile,redes,Demasiado caro para lo que es.,NEG
PROD-005,CLIENT-0076,2025-01-31,México,app,"Excelente, lo volvería a comprar.",NEU
PROD-005,CLIENT-0075,2025-07-26,Argentina,app,El servicio fue deficiente.,NEG
PROD-005,CLIENT-0074,2025-06-18,Argentina,app,Demasiado caro para lo que es.,POS
PROD-005,CLIENT-0073,2025-03-03,España,web,"Nada especial, pero funcional.",NEG
PROD-005,CLIENT-0072,2025-03-12,Chile,web,El producto llegó rápido y en buen estado.,NEG
PROD-005,CLIENT-0071,2025-04-14,Argentina,app,Demasiado caro para lo que es.,POS
PROD-005,CLIENT-0070,2025-07-17,Colombia,app,El servicio fue deficiente.,POS
PROD-005,CLIENT-0069,2025-02-22,México,redes,El producto llegó rápido y en buen estado.,POS
PROD-005,CLIENT-0068,2025-03-23,Argentina,web,El servicio fue deficiente.,POS
PROD-005,CLIENT-0067,2025-03-06,Argentina,web,Calidad decente por el precio.,NEU
PROD-005,CLIENT-0066,2025-01-30,Chile,web,El servicio fue deficiente.,NEU
PROD-005,CLIENT-0065,2025-07-15,Chile,app,"Excelente, lo volvería a comprar.",NEU
PROD-005,CLIENT-0064,2025-03-07,México,redes,"Excelente, lo volvería a comprar.",POS
PROD-005,CLIENT-0063,2025-02-21,España,app,Es justo lo que necesitaba.,POS
PROD-005,CLIENT-0062,2025-04-17,Argentina,redes,Muy satisfecho con la compra.,NEU
PROD-005,CLIENT-0061,2025-03-07,Chile,app,"Nada especial, pero funcional.",POS
PROD-005,CLIENT-0060,2025-07-19,México,app,El producto llegó rápido y en buen estado.,NEG
PROD-005,CLIENT-0059,2025-04-19,Argentina,redes,"Excelente, lo volvería a comprar.",NEU
PROD-005,CLIENT-0058,2025-02-26,Argentina,redes,No cumplió con mis expectativas.,NEU
PROD-005,CLIENT-0057,2025-07-08,Colombia,app,Calidad decente por el precio.,POS
PROD-005,CLIENT-0056,2025-03-03,Chile,app,Calidad decente por el precio.,POS
PROD-005,CLIENT-0055,2025-07-18,España,redes,El servicio fue deficiente.,POS
PROD-005,CLIENT-0054,2025-06-24,Chile,redes,No lo recomiendo para nada.,NEU
PROD-005,CLIENT-0053,2025-06-19,Argentina,app,El producto llegó rápido y en buen estado.,NEU
PROD-005,CLIENT-0052,2025-07-18,Argentina,app,No cumplió con mis expectativas.,POS
PROD-005,CLIENT-0051,2025-05-27,Argentina,web,Es justo lo que necesitaba.,NEU
PROD-005,CLIENT-0050,2025-02-13,Argentina,web,"Nada especial, pero funcional.",NEU
PROD-005,CLIENT-0049,2025-07-27,México,web,Calidad decente por el precio.,POS
PROD-005,CLIENT-0048,2025-06-13,México,app,Demasiado caro para lo que es.,NEU
PROD-005,CLIENT-0047,2025-07-12,Colombia,app,"Excelente, lo volvería a comprar.",NEU
PROD-005,CLIENT-0046,2025-06-16,Colombia,web,El producto llegó rápido y en buen estado.,NEU
PROD-005,CLIENT-0045,2025-05-01,Chile,redes,Calidad decente por el precio.,NEG
PROD-005,CLIENT-0044,2025-02-10,Colombia,web,No cumplió con mis expectativas.,NEU
PROD-005,CLIENT-0043,2025-07-07,Colombia,web,Muy satisfecho con la compra.,NEG
PROD-005,CLIENT-0042,2025-04-02,España,redes,Muy satisfecho con la compra.,NEU
PROD-005,CLIENT-0041,2025-05-31,Chile,app,Demasiado caro para lo que es.,NEG
PROD-005,CLIENT-0040,2025-02-05,España,web,No lo recomiendo para nada.,NEG
PROD-005,CLIENT-0039,2025-04-05,Colombia,app,El producto llegó rápido y en buen estado.,NEU
PROD-005,CLIENT-0038,2025-04-15,Colombia,app,No cumplió con mis expectativas.,NEU
PROD-005,CLIENT-0037,2025-02-28,México,redes,Calidad decente por el precio.,POS
PROD-005,CLIENT-0036,2025-05-01,Colombia,redes,El producto llegó rápido y en buen estado.,NEG
PROD-005,CLIENT-0035,2025-01-30,Argentina,redes,No lo recomiendo para nada.,NEU
PROD-005,CLIENT-0034,2025-02-23,Chile,web,Calidad decente por el precio.,NEG
PROD-005,CLIENT-0033,2025-06-03,México,app,No cumplió con mis expectativas.,NEU
PROD-005,CLIENT-0032,2025-04-26,Chile,redes,Calidad decente por el precio.,NEU
PROD-005,CLIENT-0031,2025-02-28,España,app,Calidad decente por el precio.,NEU
PROD-005,CLIENT-0030,2025-05-10,Colombia,app,"Nada especial, pero funcional.",POS
PROD-005,CLIENT-0029,2025-06-11,Argentina,redes,"Excelente, lo volvería a comprar.",NEG
PROD-005,CLIENT-0028,2025-03-18,España,redes,No lo recomiendo para nada.,POS
PROD-005,CLIENT-0027,2025-07-05,Chile,app,Demasiado caro para lo que es.,NEG
PROD-005,CLIENT-0026,2025-05-03,Colombia,app,No lo recomiendo para nada.,NEU
PROD-005,CLIENT-0025,2025-03-23,Colombia,web,Demasiado caro para lo que es.,NEU
PROD-005,CLIENT-0024,2025-03-09,México,web,Demasiado caro para lo que es.,POS
PROD-005,CLIENT-0023,2025-02-18,Colombia,web,No cumplió con mis expectativas.,POS
PROD-005,CLIENT-0022,2025-03-24,Chile,app,Es justo lo que necesitaba.,NEU
PROD-005,CLIENT-0021,2025-02-07,Argentina,app,Calidad decente por el precio.,NEU
PROD-005,CLIENT-0020,2025-04-11,España,web,Demasiado caro para lo que es.,NEU
PROD-005,CLIENT-0019,2025-02-12,España,redes,"Nada especial, pero funcional.",NEG
PROD-005,CLIENT-0018,2025-05-18,España,web,Muy satisfecho con la compra.,NEG
PROD-005,CLIENT-0017,2025-02-08,España,app,El producto llegó rápido y en buen estado.,NEG
PROD-005,CLIENT-0016,2025-07-23,Argentina,redes,No lo recomiendo para nada.,NEU
PROD-005,CLIENT-0015,2025-06-05,España,redes,Calidad decente por el precio.,NEG
PROD-005,CLIENT-0014,2025-06-08,España,web,Muy satisfecho con la compra.,POS
PROD-005,CLIENT-0013,2025-07-26,España,redes,El producto llegó rápido y en buen estado.,POS
PROD-005,CLIENT-0012,2025-06-21,Chile,web,Demasiado caro para lo que es.,NEG
PROD-005,CLIENT-0011,2025-04-24,Argentina,redes,El servicio fue deficiente.,POS
PROD-005,CLIENT-0010,2025-02-16,México,web,Demasiado caro para lo que es.,POS
PROD-005,CLIENT-0009,2025-07-21,Colombia,web,No lo recomiendo para nada.,POS
PROD-005,CLIENT-0008,2025-02-21,México,web,El producto llegó rápido y en buen estado.,NEU
PROD-005,CLIENT-0007,2025-05-28,Chile,app,Es justo lo que necesitaba.,NEG
PROD-005,CLIENT-0006,2025-05-04,Argentina,web,Muy satisfecho con la compra.,POS
PROD-005,CLIENT-0005,2025-05-18,España,redes,No cumplió con mis expectativas.,POS
PROD-005,CLIENT-0004,2025-07-24,Chile,app,Demasiado caro para lo que es.,NEU
PROD-005,CLIENT-0003,2025-04-08,Colombia,app,Es justo lo que necesitaba.,NEG
PROD-005,CLIENT-0002,2025-06-13,México,redes,El producto llegó rápido y en buen estado.,NEU
PROD-005,CLIENT-0001,2025-04-25,Chile,app,"Excelente, lo volvería a comprar.",POS
